"","WBIC","day","year","nAnglers","fishN","harvestedN"
"1","2953100",0,0,0,1876,0
"2","2761600",0,0,0,274,0
"3","2210900",0,0,0,802,0
"4","2406900",0,0,0,168,0
"5","1541500",0,0,0,794,0
"6","1001000",0,0,0,1058,0
"7","816800",0,0,0,5130,0
"8","2309700",0,0,0,1531,0
"9","1611700",0,0,0,2981,0
"10","1246500",0,0,0,768,0
"11","2953100",1,1,1,1874.59293136354,1
"12","2761600",1,1,9,273.896847496952,0
"13","2210900",1,1,3,802.411425322818,0
"14","2406900",1,1,3,168.4406725135,0
"15","1541500",1,1,1,793.972622741005,0
"16","1001000",1,1,3,1057.87246659,0
"17","816800",1,1,8,5092.46138446007,38
"18","2309700",1,1,0,1531.03296422718,0
"19","1611700",1,1,9,2963.01225424433,18
"20","1246500",1,1,13,768.432779094047,0
"21","2953100",2,1,1,1873.59293136354,2
"22","2761600",2,1,11,273.896847496952,0
"23","2210900",2,1,0,802.411425322818,0
"24","2406900",2,1,3,168.4406725135,0
"25","1541500",2,1,2,793.972622741005,0
"26","1001000",2,1,4,1057.87246659,0
"27","816800",2,1,9,5056.46138446007,74
"28","2309700",2,1,0,1531.03296422718,0
"29","1611700",2,1,8,2947.01225424433,34
"30","1246500",2,1,12,768.432779094047,0
"31","2953100",3,1,2,1871.59293136354,4
"32","2761600",3,1,12,273.896847496952,0
"33","2210900",3,1,2,802.411425322818,0
"34","2406900",3,1,1,168.4406725135,0
"35","1541500",3,1,1,793.972622741005,0
"36","1001000",3,1,2,1057.87246659,0
"37","816800",3,1,12,5008.46138446007,122
"38","2309700",3,1,0,1531.03296422718,0
"39","1611700",3,1,8,2931.01225424433,50
"40","1246500",3,1,10,768.432779094047,0
"41","2953100",4,1,1,1870.59293136354,5
"42","2761600",4,1,10,273.896847496952,0
"43","2210900",4,1,2,802.411425322818,0
"44","2406900",4,1,0,168.4406725135,0
"45","1541500",4,1,1,793.972622741005,0
"46","1001000",4,1,5,1057.87246659,0
"47","816800",4,1,10,4968.46138446007,162
"48","2309700",4,1,1,1530.03296422718,1
"49","1611700",4,1,8,2915.01225424433,66
"50","1246500",4,1,12,768.432779094047,0
"51","2953100",5,1,1,1869.59293136354,6
"52","2761600",5,1,10,273.896847496952,0
"53","2210900",5,1,3,802.411425322818,0
"54","2406900",5,1,1,168.4406725135,0
"55","1541500",5,1,2,793.972622741005,0
"56","1001000",5,1,4,1057.87246659,0
"57","816800",5,1,10,4928.46138446007,202
"58","2309700",5,1,1,1529.03296422718,2
"59","1611700",5,1,8,2899.01225424433,82
"60","1246500",5,1,10,768.432779094047,0
"61","2953100",6,1,3,1866.59293136354,9
"62","2761600",6,1,11,273.896847496952,0
"63","2210900",6,1,1,802.411425322818,0
"64","2406900",6,1,2,168.4406725135,0
"65","1541500",6,1,2,793.972622741005,0
"66","1001000",6,1,2,1057.87246659,0
"67","816800",6,1,9,4900.46138446007,230
"68","2309700",6,1,0,1529.03296422718,2
"69","1611700",6,1,7,2885.01225424433,96
"70","1246500",6,1,13,768.432779094047,0
"71","2953100",7,1,0,1866.59293136354,9
"72","2761600",7,1,11,273.896847496952,0
"73","2210900",7,1,3,802.411425322818,0
"74","2406900",7,1,0,168.4406725135,0
"75","1541500",7,1,1,793.972622741005,0
"76","1001000",7,1,3,1057.87246659,0
"77","816800",7,1,9,4873.46138446007,257
"78","2309700",7,1,1,1528.03296422718,3
"79","1611700",7,1,9,2872.01225424433,109
"80","1246500",7,1,13,768.432779094047,0
"81","2953100",8,1,1,1865.59293136354,10
"82","2761600",8,1,11,273.896847496952,0
"83","2210900",8,1,2,802.411425322818,0
"84","2406900",8,1,1,168.4406725135,0
"85","1541500",8,1,0,793.972622741005,0
"86","1001000",8,1,5,1057.87246659,0
"87","816800",8,1,9,4846.46138446007,284
"88","2309700",8,1,0,1528.03296422718,3
"89","1611700",8,1,10,2862.01225424433,119
"90","1246500",8,1,11,768.432779094047,0
"91","2953100",9,1,1,1864.59293136354,11
"92","2761600",9,1,11,273.896847496952,0
"93","2210900",9,1,0,802.411425322818,0
"94","2406900",9,1,1,168.4406725135,0
"95","1541500",9,1,3,793.972622741005,0
"96","1001000",9,1,3,1057.87246659,0
"97","816800",9,1,9,4826.46138446007,304
"98","2309700",9,1,0,1528.03296422718,3
"99","1611700",9,1,9,2853.01225424433,128
"100","1246500",9,1,13,768.432779094047,0
"101","2953100",10,1,3,1861.59293136354,14
"102","2761600",10,1,9,273.896847496952,0
"103","2210900",10,1,3,802.411425322818,0
"104","2406900",10,1,1,168.4406725135,0
"105","1541500",10,1,2,793.972622741005,0
"106","1001000",10,1,5,1057.87246659,0
"107","816800",10,1,8,4810.46138446007,320
"108","2309700",10,1,0,1528.03296422718,3
"109","1611700",10,1,7,2846.01225424433,135
"110","1246500",10,1,12,768.432779094047,0
"111","2953100",1,2,1,1875.91923847189,1
"112","2761600",1,2,11,273.075637816754,0
"113","2210900",1,2,1,801.719452819562,0
"114","2406900",1,2,2,168.535463534386,0
"115","1541500",1,2,1,793.700246779694,0
"116","1001000",1,2,3,1056.76353312718,0
"117","816800",1,2,10,5148.02524340304,40
"118","2309700",1,2,1,1529.56695323453,1
"119","1611700",1,2,9,2982.50489067955,18
"120","1246500",1,2,11,768.280254913679,0
"121","2953100",2,2,1,1874.91923847189,2
"122","2761600",2,2,10,273.075637816754,0
"123","2210900",2,2,1,801.719452819562,0
"124","2406900",2,2,3,168.535463534386,0
"125","1541500",2,2,1,793.700246779694,0
"126","1001000",2,2,3,1056.76353312718,0
"127","816800",2,2,8,5122.02524340304,66
"128","2309700",2,2,0,1529.56695323453,1
"129","1611700",2,2,10,2969.50489067955,31
"130","1246500",2,2,13,768.280254913679,0
"131","2953100",3,2,3,1871.91923847189,5
"132","2761600",3,2,8,273.075637816754,0
"133","2210900",3,2,4,801.719452819562,0
"134","2406900",3,2,0,168.535463534386,0
"135","1541500",3,2,1,793.700246779694,0
"136","1001000",3,2,5,1056.76353312718,0
"137","816800",3,2,9,5095.02524340304,93
"138","2309700",3,2,1,1528.56695323453,2
"139","1611700",3,2,7,2962.50489067955,38
"140","1246500",3,2,12,768.280254913679,0
"141","2953100",4,2,2,1869.91923847189,7
"142","2761600",4,2,11,273.075637816754,0
"143","2210900",4,2,2,801.719452819562,0
"144","2406900",4,2,1,168.535463534386,0
"145","1541500",4,2,1,793.700246779694,0
"146","1001000",4,2,2,1056.76353312718,0
"147","816800",4,2,8,5079.02524340304,109
"148","2309700",4,2,1,1527.56695323453,3
"149","1611700",4,2,9,2953.50489067955,47
"150","1246500",4,2,13,768.280254913679,0
"151","2953100",5,2,0,1869.91923847189,7
"152","2761600",5,2,6,273.075637816754,0
"153","2210900",5,2,3,801.719452819562,0
"154","2406900",5,2,5,168.535463534386,0
"155","1541500",5,2,4,793.700246779694,0
"156","1001000",5,2,3,1056.76353312718,0
"157","816800",5,2,11,5057.02524340304,131
"158","2309700",5,2,0,1527.56695323453,3
"159","1611700",5,2,7,2946.50489067955,54
"160","1246500",5,2,11,768.280254913679,0
"161","2953100",6,2,1,1868.91923847189,8
"162","2761600",6,2,8,273.075637816754,0
"163","2210900",6,2,5,801.719452819562,0
"164","2406900",6,2,2,168.535463534386,0
"165","1541500",6,2,1,793.700246779694,0
"166","1001000",6,2,2,1056.76353312718,0
"167","816800",6,2,8,5041.02524340304,147
"168","2309700",6,2,0,1527.56695323453,3
"169","1611700",6,2,11,2935.50489067955,65
"170","1246500",6,2,12,768.280254913679,0
"171","2953100",7,2,1,1867.91923847189,9
"172","2761600",7,2,9,273.075637816754,0
"173","2210900",7,2,1,801.719452819562,0
"174","2406900",7,2,3,168.535463534386,0
"175","1541500",7,2,0,793.700246779694,0
"176","1001000",7,2,2,1056.76353312718,0
"177","816800",7,2,9,5023.02524340304,165
"178","2309700",7,2,1,1526.56695323453,4
"179","1611700",7,2,11,2924.50489067955,76
"180","1246500",7,2,13,768.280254913679,0
"181","2953100",8,2,0,1867.91923847189,9
"182","2761600",8,2,8,273.075637816754,0
"183","2210900",8,2,1,801.719452819562,0
"184","2406900",8,2,5,168.535463534386,0
"185","1541500",8,2,1,793.700246779694,0
"186","1001000",8,2,4,1056.76353312718,0
"187","816800",8,2,10,5003.02524340304,185
"188","2309700",8,2,2,1524.56695323453,6
"189","1611700",8,2,8,2916.50489067955,84
"190","1246500",8,2,11,768.280254913679,0
"191","2953100",9,2,2,1865.91923847189,11
"192","2761600",9,2,8,273.075637816754,0
"193","2210900",9,2,4,801.719452819562,0
"194","2406900",9,2,2,168.535463534386,0
"195","1541500",9,2,2,793.700246779694,0
"196","1001000",9,2,2,1056.76353312718,0
"197","816800",9,2,10,4983.02524340304,205
"198","2309700",9,2,0,1524.56695323453,6
"199","1611700",9,2,9,2907.50489067955,93
"200","1246500",9,2,11,768.280254913679,0
"201","2953100",10,2,2,1863.91923847189,13
"202","2761600",10,2,8,273.075637816754,0
"203","2210900",10,2,4,801.719452819562,0
"204","2406900",10,2,3,168.535463534386,0
"205","1541500",10,2,1,793.700246779694,0
"206","1001000",10,2,1,1056.76353312718,0
"207","816800",10,2,10,4963.02524340304,225
"208","2309700",10,2,0,1524.56695323453,6
"209","1611700",10,2,9,2898.50489067955,102
"210","1246500",10,2,12,768.280254913679,0
"211","2953100",1,3,2,1880.60272085462,2
"212","2761600",1,3,11,272.741209590365,0
"213","2210900",1,3,2,801.585931651248,0
"214","2406900",1,3,1,168.632513816066,0
"215","1541500",1,3,2,793.754100813317,0
"216","1001000",1,3,2,1056.47000910081,0
"217","816800",1,3,10,5308.3336754511,30
"218","2309700",1,3,1,1531.05269014188,1
"219","1611700",1,3,7,3040.71003140983,14
"220","1246500",1,3,12,768.396178563182,0
"221","2953100",2,3,1,1879.60272085462,3
"222","2761600",2,3,10,272.741209590365,0
"223","2210900",2,3,2,801.585931651248,0
"224","2406900",2,3,1,168.632513816066,0
"225","1541500",2,3,2,793.754100813317,0
"226","1001000",2,3,4,1056.47000910081,0
"227","816800",2,3,9,5290.3336754511,48
"228","2309700",2,3,0,1531.05269014188,1
"229","1611700",2,3,7,3032.71003140983,22
"230","1246500",2,3,14,768.396178563182,0
"231","2953100",3,3,1,1878.60272085462,4
"232","2761600",3,3,12,272.741209590365,0
"233","2210900",3,3,0,801.585931651248,0
"234","2406900",3,3,2,168.632513816066,0
"235","1541500",3,3,1,793.754100813317,0
"236","1001000",3,3,3,1056.47000910081,0
"237","816800",3,3,10,5270.3336754511,68
"238","2309700",3,3,1,1530.05269014188,2
"239","1611700",3,3,8,3024.71003140983,30
"240","1246500",3,3,12,768.396178563182,0
"241","2953100",4,3,2,1876.60272085462,6
"242","2761600",4,3,9,272.741209590365,0
"243","2210900",4,3,3,801.585931651248,0
"244","2406900",4,3,2,168.632513816066,0
"245","1541500",4,3,0,793.754100813317,0
"246","1001000",4,3,6,1056.47000910081,0
"247","816800",4,3,9,5252.3336754511,86
"248","2309700",4,3,0,1530.05269014188,2
"249","1611700",4,3,7,3017.71003140983,37
"250","1246500",4,3,12,768.396178563182,0
"251","2953100",5,3,1,1875.60272085462,7
"252","2761600",5,3,12,272.741209590365,0
"253","2210900",5,3,1,801.585931651248,0
"254","2406900",5,3,2,168.632513816066,0
"255","1541500",5,3,2,793.754100813317,0
"256","1001000",5,3,4,1056.47000910081,0
"257","816800",5,3,10,5232.3336754511,106
"258","2309700",5,3,1,1529.05269014188,3
"259","1611700",5,3,8,3009.71003140983,45
"260","1246500",5,3,9,768.396178563182,0
"261","2953100",6,3,1,1874.60272085462,8
"262","2761600",6,3,11,272.741209590365,0
"263","2210900",6,3,2,801.585931651248,0
"264","2406900",6,3,1,168.632513816066,0
"265","1541500",6,3,2,793.754100813317,0
"266","1001000",6,3,2,1056.47000910081,0
"267","816800",6,3,7,5218.3336754511,120
"268","2309700",6,3,0,1529.05269014188,3
"269","1611700",6,3,10,2999.71003140983,55
"270","1246500",6,3,14,768.396178563182,0
"271","2953100",7,3,0,1874.60272085462,8
"272","2761600",7,3,11,272.741209590365,0
"273","2210900",7,3,1,801.585931651248,0
"274","2406900",7,3,2,168.632513816066,0
"275","1541500",7,3,3,793.754100813317,0
"276","1001000",7,3,5,1056.47000910081,0
"277","816800",7,3,10,5198.3336754511,140
"278","2309700",7,3,2,1527.05269014188,5
"279","1611700",7,3,5,2994.71003140983,60
"280","1246500",7,3,11,768.396178563182,0
"281","2953100",8,3,2,1872.60272085462,10
"282","2761600",8,3,10,272.741209590365,0
"283","2210900",8,3,1,801.585931651248,0
"284","2406900",8,3,2,168.632513816066,0
"285","1541500",8,3,3,793.754100813317,0
"286","1001000",8,3,2,1056.47000910081,0
"287","816800",8,3,9,5180.3336754511,158
"288","2309700",8,3,0,1527.05269014188,5
"289","1611700",8,3,8,2986.71003140983,68
"290","1246500",8,3,13,768.396178563182,0
"291","2953100",9,3,2,1870.60272085462,12
"292","2761600",9,3,12,272.741209590365,0
"293","2210900",9,3,1,801.585931651248,0
"294","2406900",9,3,0,168.632513816066,0
"295","1541500",9,3,2,793.754100813317,0
"296","1001000",9,3,2,1056.47000910081,0
"297","816800",9,3,10,5160.3336754511,178
"298","2309700",9,3,0,1527.05269014188,5
"299","1611700",9,3,8,2978.71003140983,76
"300","1246500",9,3,13,768.396178563182,0
"301","2953100",10,3,1,1869.60272085462,13
"302","2761600",10,3,10,272.741209590365,0
"303","2210900",10,3,4,801.585931651248,0
"304","2406900",10,3,2,168.632513816066,0
"305","1541500",10,3,4,793.754100813317,0
"306","1001000",10,3,3,1056.47000910081,0
"307","816800",10,3,9,5142.3336754511,196
"308","2309700",10,3,1,1526.05269014188,6
"309","1611700",10,3,5,2973.71003140983,81
"310","1246500",10,3,11,768.396178563182,0
"311","2953100",1,4,0,1884.44310793451,0
"312","2761600",1,4,10,272.622064553671,0
"313","2210900",1,4,3,801.697714864699,0
"314","2406900",1,4,2,168.727568073319,0
"315","1541500",1,4,2,793.958437806341,0
"316","1001000",1,4,1,1056.54396574163,0
"317","816800",1,4,10,5344.73072755004,30
"318","2309700",1,4,0,1533.8243726271,0
"319","1611700",1,4,11,3045.43793491941,22
"320","1246500",1,4,11,767.633231054871,0
"321","2953100",2,4,1,1883.44310793451,1
"322","2761600",2,4,10,272.622064553671,0
"323","2210900",2,4,2,801.697714864699,0
"324","2406900",2,4,2,168.727568073319,0
"325","1541500",2,4,2,793.958437806341,0
"326","1001000",2,4,5,1056.54396574163,0
"327","816800",2,4,10,5324.73072755004,50
"328","2309700",2,4,0,1533.8243726271,0
"329","1611700",2,4,7,3033.43793491941,34
"330","1246500",2,4,11,767.633231054871,0
"331","2953100",3,4,2,1881.44310793451,3
"332","2761600",3,4,11,272.622064553671,0
"333","2210900",3,4,1,801.697714864699,0
"334","2406900",3,4,1,168.727568073319,0
"335","1541500",3,4,2,793.958437806341,0
"336","1001000",3,4,2,1056.54396574163,0
"337","816800",3,4,10,5304.73072755004,70
"338","2309700",3,4,2,1531.8243726271,2
"339","1611700",3,4,8,3025.43793491941,42
"340","1246500",3,4,11,767.633231054871,0
"341","2953100",4,4,2,1879.44310793451,5
"342","2761600",4,4,7,272.622064553671,0
"343","2210900",4,4,1,801.697714864699,0
"344","2406900",4,4,6,168.727568073319,0
"345","1541500",4,4,2,793.958437806341,0
"346","1001000",4,4,1,1056.54396574163,0
"347","816800",4,4,11,5282.73072755004,92
"348","2309700",4,4,0,1531.8243726271,2
"349","1611700",4,4,9,3016.43793491941,51
"350","1246500",4,4,11,767.633231054871,0
"351","2953100",5,4,2,1877.44310793451,7
"352","2761600",5,4,8,272.622064553671,0
"353","2210900",5,4,5,801.697714864699,0
"354","2406900",5,4,3,168.727568073319,0
"355","1541500",5,4,1,793.958437806341,0
"356","1001000",5,4,4,1056.54396574163,0
"357","816800",5,4,9,5264.73072755004,110
"358","2309700",5,4,0,1531.8243726271,2
"359","1611700",5,4,8,3008.43793491941,59
"360","1246500",5,4,10,767.633231054871,0
"361","2953100",6,4,0,1877.44310793451,7
"362","2761600",6,4,8,272.622064553671,0
"363","2210900",6,4,3,801.697714864699,0
"364","2406900",6,4,2,168.727568073319,0
"365","1541500",6,4,3,793.958437806341,0
"366","1001000",6,4,2,1056.54396574163,0
"367","816800",6,4,8,5248.73072755004,126
"368","2309700",6,4,0,1531.8243726271,2
"369","1611700",6,4,10,2998.43793491941,69
"370","1246500",6,4,14,767.633231054871,0
"371","2953100",7,4,1,1876.44310793451,8
"372","2761600",7,4,10,272.622064553671,0
"373","2210900",7,4,2,801.697714864699,0
"374","2406900",7,4,2,168.727568073319,0
"375","1541500",7,4,0,793.958437806341,0
"376","1001000",7,4,4,1056.54396574163,0
"377","816800",7,4,10,5228.73072755004,146
"378","2309700",7,4,1,1530.8243726271,3
"379","1611700",7,4,9,2989.43793491941,78
"380","1246500",7,4,11,767.633231054871,0
"381","2953100",8,4,2,1874.44310793451,10
"382","2761600",8,4,12,272.622064553671,0
"383","2210900",8,4,1,801.697714864699,0
"384","2406900",8,4,1,168.727568073319,0
"385","1541500",8,4,0,793.958437806341,0
"386","1001000",8,4,8,1056.54396574163,0
"387","816800",8,4,9,5210.73072755004,164
"388","2309700",8,4,0,1530.8243726271,3
"389","1611700",8,4,5,2984.43793491941,83
"390","1246500",8,4,12,767.633231054871,0
"391","2953100",9,4,2,1872.44310793451,12
"392","2761600",9,4,10,272.622064553671,0
"393","2210900",9,4,3,801.697714864699,0
"394","2406900",9,4,2,168.727568073319,0
"395","1541500",9,4,0,793.958437806341,0
"396","1001000",9,4,4,1056.54396574163,0
"397","816800",9,4,9,5192.73072755004,182
"398","2309700",9,4,0,1530.8243726271,3
"399","1611700",9,4,10,2974.43793491941,93
"400","1246500",9,4,10,767.633231054871,0
"401","2953100",10,4,0,1872.44310793451,12
"402","2761600",10,4,12,272.622064553671,0
"403","2210900",10,4,1,801.697714864699,0
"404","2406900",10,4,1,168.727568073319,0
"405","1541500",10,4,1,793.958437806341,0
"406","1001000",10,4,6,1056.54396574163,0
"407","816800",10,4,9,5174.73072755004,200
"408","2309700",10,4,1,1529.8243726271,4
"409","1611700",10,4,8,2966.43793491941,101
"410","1246500",10,4,11,767.633231054871,0
"411","2953100",1,5,0,1883.06498426101,0
"412","2761600",1,5,10,272.604893394323,0
"413","2210900",1,5,5,800.919540653245,0
"414","2406900",1,5,0,167.818388533538,0
"415","1541500",1,5,3,793.229888980988,0
"416","1001000",1,5,2,1056.78837153676,0
"417","816800",1,5,10,5305.95073330405,30
"418","2309700",1,5,2,1531.84499862966,2
"419","1611700",1,5,6,3039.97994345701,12
"420","1246500",1,5,12,767.411573881849,0
"421","2953100",2,5,2,1881.06498426101,2
"422","2761600",2,5,10,272.604893394323,0
"423","2210900",2,5,2,800.919540653245,0
"424","2406900",2,5,2,167.818388533538,0
"425","1541500",2,5,2,793.229888980988,0
"426","1001000",2,5,5,1056.78837153676,0
"427","816800",2,5,9,5287.95073330405,48
"428","2309700",2,5,1,1530.84499862966,3
"429","1611700",2,5,5,3029.97994345701,22
"430","1246500",2,5,12,767.411573881849,0
"431","2953100",3,5,2,1879.06498426101,4
"432","2761600",3,5,9,272.604893394323,0
"433","2210900",3,5,3,800.919540653245,0
"434","2406900",3,5,2,167.818388533538,0
"435","1541500",3,5,2,793.229888980988,0
"436","1001000",3,5,3,1056.78837153676,0
"437","816800",3,5,8,5271.95073330405,64
"438","2309700",3,5,0,1530.84499862966,3
"439","1611700",3,5,7,3015.97994345701,36
"440","1246500",3,5,14,767.411573881849,0
"441","2953100",4,5,1,1878.06498426101,5
"442","2761600",4,5,8,272.604893394323,0
"443","2210900",4,5,1,800.919540653245,0
"444","2406900",4,5,3,167.818388533538,0
"445","1541500",4,5,1,793.229888980988,0
"446","1001000",4,5,7,1056.78837153676,0
"447","816800",4,5,8,5255.95073330405,80
"448","2309700",4,5,1,1529.84499862966,4
"449","1611700",4,5,8,2999.97994345701,52
"450","1246500",4,5,12,767.411573881849,0
"451","2953100",5,5,2,1876.06498426101,7
"452","2761600",5,5,10,272.604893394323,0
"453","2210900",5,5,4,800.919540653245,0
"454","2406900",5,5,2,167.818388533538,0
"455","1541500",5,5,3,793.229888980988,0
"456","1001000",5,5,1,1056.78837153676,0
"457","816800",5,5,8,5239.95073330405,96
"458","2309700",5,5,0,1529.84499862966,4
"459","1611700",5,5,9,2990.97994345701,61
"460","1246500",5,5,11,767.411573881849,0
"461","2953100",6,5,2,1874.06498426101,9
"462","2761600",6,5,11,272.604893394323,0
"463","2210900",6,5,0,800.919540653245,0
"464","2406900",6,5,2,167.818388533538,0
"465","1541500",6,5,0,793.229888980988,0
"466","1001000",6,5,4,1056.78837153676,0
"467","816800",6,5,9,5221.95073330405,114
"468","2309700",6,5,0,1529.84499862966,4
"469","1611700",6,5,10,2980.97994345701,71
"470","1246500",6,5,12,767.411573881849,0
"471","2953100",7,5,2,1872.06498426101,11
"472","2761600",7,5,12,272.604893394323,0
"473","2210900",7,5,2,800.919540653245,0
"474","2406900",7,5,0,167.818388533538,0
"475","1541500",7,5,3,793.229888980988,0
"476","1001000",7,5,1,1056.78837153676,0
"477","816800",7,5,10,5201.95073330405,134
"478","2309700",7,5,0,1529.84499862966,4
"479","1611700",7,5,10,2970.97994345701,81
"480","1246500",7,5,10,767.411573881849,0
"481","2953100",8,5,0,1872.06498426101,11
"482","2761600",8,5,10,272.604893394323,0
"483","2210900",8,5,1,800.919540653245,0
"484","2406900",8,5,2,167.818388533538,0
"485","1541500",8,5,2,793.229888980988,0
"486","1001000",8,5,3,1056.78837153676,0
"487","816800",8,5,11,5179.95073330405,156
"488","2309700",8,5,1,1528.84499862966,5
"489","1611700",8,5,8,2962.97994345701,89
"490","1246500",8,5,12,767.411573881849,0
"491","2953100",9,5,1,1871.06498426101,12
"492","2761600",9,5,7,272.604893394323,0
"493","2210900",9,5,3,800.919540653245,0
"494","2406900",9,5,4,167.818388533538,0
"495","1541500",9,5,2,793.229888980988,0
"496","1001000",9,5,4,1056.78837153676,0
"497","816800",9,5,10,5159.95073330405,176
"498","2309700",9,5,1,1527.84499862966,6
"499","1611700",9,5,8,2954.97994345701,97
"500","1246500",9,5,10,767.411573881849,0
"501","2953100",10,5,1,1870.06498426101,13
"502","2761600",10,5,12,272.604893394323,0
"503","2210900",10,5,1,800.919540653245,0
"504","2406900",10,5,2,167.818388533538,0
"505","1541500",10,5,1,793.229888980988,0
"506","1001000",10,5,3,1056.78837153676,0
"507","816800",10,5,9,5141.95073330405,194
"508","2309700",10,5,1,1526.84499862966,7
"509","1611700",10,5,8,2946.97994345701,105
"510","1246500",10,5,12,767.411573881849,0
"511","2953100",1,6,2,1880.16783136756,2
"512","2761600",1,6,10,272.637706178131,0
"513","2210900",1,6,0,800.677619431357,0
"514","2406900",1,6,3,167.39381038139,0
"515","1541500",1,6,1,793.016372287466,0
"516","1001000",1,6,2,1056.10890993303,0
"517","816800",1,6,9,5266.92441762468,36
"518","2309700",1,6,0,1532.73692297461,0
"519","1611700",1,6,9,3028.76508236232,18
"520","1246500",1,6,14,767.4291080703,0
"521","2953100",2,6,1,1879.16783136756,3
"522","2761600",2,6,11,272.637706178131,0
"523","2210900",2,6,1,800.677619431357,0
"524","2406900",2,6,0,167.39381038139,0
"525","1541500",2,6,1,793.016372287466,0
"526","1001000",2,6,5,1056.10890993303,0
"527","816800",2,6,8,5241.92441762468,61
"528","2309700",2,6,1,1531.73692297461,1
"529","1611700",2,6,10,3008.76508236232,38
"530","1246500",2,6,12,767.4291080703,0
"531","2953100",3,6,0,1879.16783136756,3
"532","2761600",3,6,6,272.637706178131,0
"533","2210900",3,6,5,800.677619431357,0
"534","2406900",3,6,3,167.39381038139,0
"535","1541500",3,6,2,793.016372287466,0
"536","1001000",3,6,4,1056.10890993303,0
"537","816800",3,6,11,5211.92441762468,91
"538","2309700",3,6,1,1530.73692297461,2
"539","1611700",3,6,7,2994.76508236232,52
"540","1246500",3,6,11,767.4291080703,0
"541","2953100",4,6,2,1877.16783136756,5
"542","2761600",4,6,10,272.637706178131,0
"543","2210900",4,6,3,800.677619431357,0
"544","2406900",4,6,0,167.39381038139,0
"545","1541500",4,6,1,793.016372287466,0
"546","1001000",4,6,5,1056.10890993303,0
"547","816800",4,6,8,5195.92441762468,107
"548","2309700",4,6,1,1529.73692297461,3
"549","1611700",4,6,8,2978.76508236232,68
"550","1246500",4,6,12,767.4291080703,0
"551","2953100",5,6,2,1875.16783136756,7
"552","2761600",5,6,10,272.637706178131,0
"553","2210900",5,6,2,800.677619431357,0
"554","2406900",5,6,2,167.39381038139,0
"555","1541500",5,6,1,793.016372287466,0
"556","1001000",5,6,5,1056.10890993303,0
"557","816800",5,6,11,5173.92441762468,129
"558","2309700",5,6,0,1529.73692297461,3
"559","1611700",5,6,6,2971.76508236232,75
"560","1246500",5,6,11,767.4291080703,0
"561","2953100",6,6,2,1873.16783136756,9
"562","2761600",6,6,10,272.637706178131,0
"563","2210900",6,6,4,800.677619431357,0
"564","2406900",6,6,1,167.39381038139,0
"565","1541500",6,6,1,793.016372287466,0
"566","1001000",6,6,3,1056.10890993303,0
"567","816800",6,6,9,5155.92441762468,147
"568","2309700",6,6,0,1529.73692297461,3
"569","1611700",6,6,9,2962.76508236232,84
"570","1246500",6,6,11,767.4291080703,0
"571","2953100",7,6,1,1872.16783136756,10
"572","2761600",7,6,9,272.637706178131,0
"573","2210900",7,6,3,800.677619431357,0
"574","2406900",7,6,1,167.39381038139,0
"575","1541500",7,6,2,793.016372287466,0
"576","1001000",7,6,3,1056.10890993303,0
"577","816800",7,6,9,5137.92441762468,165
"578","2309700",7,6,1,1528.73692297461,4
"579","1611700",7,6,10,2952.76508236232,94
"580","1246500",7,6,11,767.4291080703,0
"581","2953100",8,6,1,1871.16783136756,11
"582","2761600",8,6,10,272.637706178131,0
"583","2210900",8,6,3,800.677619431357,0
"584","2406900",8,6,2,167.39381038139,0
"585","1541500",8,6,1,793.016372287466,0
"586","1001000",8,6,2,1056.10890993303,0
"587","816800",8,6,12,5113.92441762468,189
"588","2309700",8,6,0,1528.73692297461,4
"589","1611700",8,6,10,2942.76508236232,104
"590","1246500",8,6,9,767.4291080703,0
"591","2953100",9,6,1,1870.16783136756,12
"592","2761600",9,6,11,272.637706178131,0
"593","2210900",9,6,2,800.677619431357,0
"594","2406900",9,6,1,167.39381038139,0
"595","1541500",9,6,1,793.016372287466,0
"596","1001000",9,6,5,1056.10890993303,0
"597","816800",9,6,10,5093.92441762468,209
"598","2309700",9,6,1,1527.73692297461,5
"599","1611700",9,6,7,2935.76508236232,111
"600","1246500",9,6,11,767.4291080703,0
"601","2953100",10,6,1,1869.16783136756,13
"602","2761600",10,6,11,272.637706178131,0
"603","2210900",10,6,2,800.677619431357,0
"604","2406900",10,6,2,167.39381038139,0
"605","1541500",10,6,1,793.016372287466,0
"606","1001000",10,6,1,1056.10890993303,0
"607","816800",10,6,10,5073.92441762468,229
"608","2309700",10,6,0,1527.73692297461,5
"609","1611700",10,6,10,2925.76508236232,121
"610","1246500",10,6,12,767.4291080703,0
"611","2953100",1,7,1,1880.83752754734,1
"612","2761600",1,7,8,272.694762835227,0
"613","2210900",1,7,2,800.672995770948,0
"614","2406900",1,7,3,168.186274733066,0
"615","1541500",1,7,1,793.028782957201,0
"616","1001000",1,7,3,1055.94768124936,0
"617","816800",1,7,9,5269.38522306798,36
"618","2309700",1,7,1,1531.2113552052,1
"619","1611700",1,7,9,3037.10501622312,18
"620","1246500",1,7,13,767.556550776928,0
"621","2953100",2,7,2,1878.83752754734,3
"622","2761600",2,7,10,272.694762835227,0
"623","2210900",2,7,1,800.672995770948,0
"624","2406900",2,7,3,168.186274733066,0
"625","1541500",2,7,1,793.028782957201,0
"626","1001000",2,7,5,1055.94768124936,0
"627","816800",2,7,9,5241.38522306798,64
"628","2309700",2,7,1,1530.2113552052,2
"629","1611700",2,7,6,3025.10501622312,30
"630","1246500",2,7,12,767.556550776928,0
"631","2953100",3,7,1,1877.83752754734,4
"632","2761600",3,7,13,272.694762835227,0
"633","2210900",3,7,0,800.672995770948,0
"634","2406900",3,7,2,168.186274733066,0
"635","1541500",3,7,1,793.028782957201,0
"636","1001000",3,7,5,1055.94768124936,0
"637","816800",3,7,7,5220.38522306798,85
"638","2309700",3,7,0,1530.2113552052,2
"639","1611700",3,7,9,3007.10501622312,48
"640","1246500",3,7,12,767.556550776928,0
"641","2953100",4,7,1,1876.83752754734,5
"642","2761600",4,7,10,272.694762835227,0
"643","2210900",4,7,1,800.672995770948,0
"644","2406900",4,7,3,168.186274733066,0
"645","1541500",4,7,3,793.028782957201,0
"646","1001000",4,7,4,1055.94768124936,0
"647","816800",4,7,11,5189.38522306798,116
"648","2309700",4,7,0,1530.2113552052,2
"649","1611700",4,7,6,2998.10501622312,57
"650","1246500",4,7,11,767.556550776928,0
"651","2953100",5,7,1,1875.83752754734,6
"652","2761600",5,7,10,272.694762835227,0
"653","2210900",5,7,2,800.672995770948,0
"654","2406900",5,7,1,168.186274733066,0
"655","1541500",5,7,1,793.028782957201,0
"656","1001000",5,7,2,1055.94768124936,0
"657","816800",5,7,9,5171.38522306798,134
"658","2309700",5,7,1,1529.2113552052,3
"659","1611700",5,7,9,2989.10501622312,66
"660","1246500",5,7,14,767.556550776928,0
"661","2953100",6,7,1,1874.83752754734,7
"662","2761600",6,7,11,272.694762835227,0
"663","2210900",6,7,2,800.672995770948,0
"664","2406900",6,7,1,168.186274733066,0
"665","1541500",6,7,1,793.028782957201,0
"666","1001000",6,7,4,1055.94768124936,0
"667","816800",6,7,9,5153.38522306798,152
"668","2309700",6,7,0,1529.2113552052,3
"669","1611700",6,7,9,2980.10501622312,75
"670","1246500",6,7,12,767.556550776928,0
"671","2953100",7,7,2,1872.83752754734,9
"672","2761600",7,7,13,272.694762835227,0
"673","2210900",7,7,2,800.672995770948,0
"674","2406900",7,7,0,168.186274733066,0
"675","1541500",7,7,1,793.028782957201,0
"676","1001000",7,7,3,1055.94768124936,0
"677","816800",7,7,8,5137.38522306798,168
"678","2309700",7,7,1,1528.2113552052,4
"679","1611700",7,7,7,2973.10501622312,82
"680","1246500",7,7,13,767.556550776928,0
"681","2953100",8,7,1,1871.83752754734,10
"682","2761600",8,7,10,272.694762835227,0
"683","2210900",8,7,4,800.672995770948,0
"684","2406900",8,7,1,168.186274733066,0
"685","1541500",8,7,2,793.028782957201,0
"686","1001000",8,7,2,1055.94768124936,0
"687","816800",8,7,9,5119.38522306798,186
"688","2309700",8,7,1,1527.2113552052,5
"689","1611700",8,7,8,2965.10501622312,90
"690","1246500",8,7,12,767.556550776928,0
"691","2953100",9,7,0,1871.83752754734,10
"692","2761600",9,7,10,272.694762835227,0
"693","2210900",9,7,3,800.672995770948,0
"694","2406900",9,7,1,168.186274733066,0
"695","1541500",9,7,3,793.028782957201,0
"696","1001000",9,7,2,1055.94768124936,0
"697","816800",9,7,8,5103.38522306798,202
"698","2309700",9,7,1,1526.2113552052,6
"699","1611700",9,7,9,2956.10501622312,99
"700","1246500",9,7,13,767.556550776928,0
"701","2953100",10,7,2,1869.83752754734,12
"702","2761600",10,7,10,272.694762835227,0
"703","2210900",10,7,3,800.672995770948,0
"704","2406900",10,7,3,168.186274733066,0
"705","1541500",10,7,1,793.028782957201,0
"706","1001000",10,7,3,1055.94768124936,0
"707","816800",10,7,11,5081.38522306798,224
"708","2309700",10,7,1,1525.2113552052,7
"709","1611700",10,7,7,2949.10501622312,106
"710","1246500",10,7,9,767.556550776928,0
"711","2953100",1,8,2,1879.26616749757,2
"712","2761600",1,8,10,272.76268027228,0
"713","2210900",1,8,4,800.778071113347,0
"714","2406900",1,8,2,168.594617001344,0
"715","1541500",1,8,1,793.144469165822,0
"716","1001000",1,8,2,1056.01246473175,0
"717","816800",1,8,9,5297.90236618427,36
"718","2309700",1,8,0,1532.1749419327,0
"719","1611700",1,8,9,3048.3496153528,18
"720","1246500",1,8,11,767.733285348632,0
"721","2953100",2,8,2,1877.26616749757,4
"722","2761600",2,8,11,272.76268027228,0
"723","2210900",2,8,2,800.778071113347,0
"724","2406900",2,8,0,168.594617001344,0
"725","1541500",2,8,1,793.144469165822,0
"726","1001000",2,8,2,1056.01246473175,0
"727","816800",2,8,11,5263.90236618427,70
"728","2309700",2,8,1,1531.1749419327,1
"729","1611700",2,8,8,3032.3496153528,34
"730","1246500",2,8,12,767.733285348632,0
"731","2953100",3,8,1,1876.26616749757,5
"732","2761600",3,8,10,272.76268027228,0
"733","2210900",3,8,3,800.778071113347,0
"734","2406900",3,8,0,168.594617001344,0
"735","1541500",3,8,0,793.144469165822,0
"736","1001000",3,8,3,1056.01246473175,0
"737","816800",3,8,9,5236.90236618427,97
"738","2309700",3,8,2,1529.1749419327,3
"739","1611700",3,8,10,3012.3496153528,54
"740","1246500",3,8,12,767.733285348632,0
"741","2953100",4,8,1,1875.26616749757,6
"742","2761600",4,8,8,272.76268027228,0
"743","2210900",4,8,4,800.778071113347,0
"744","2406900",4,8,3,168.594617001344,0
"745","1541500",4,8,1,793.144469165822,0
"746","1001000",4,8,4,1056.01246473175,0
"747","816800",4,8,9,5216.90236618427,117
"748","2309700",4,8,0,1529.1749419327,3
"749","1611700",4,8,9,3002.3496153528,64
"750","1246500",4,8,11,767.733285348632,0
"751","2953100",5,8,1,1874.26616749757,7
"752","2761600",5,8,11,272.76268027228,0
"753","2210900",5,8,3,800.778071113347,0
"754","2406900",5,8,1,168.594617001344,0
"755","1541500",5,8,1,793.144469165822,0
"756","1001000",5,8,2,1056.01246473175,0
"757","816800",5,8,11,5194.90236618427,139
"758","2309700",5,8,0,1529.1749419327,3
"759","1611700",5,8,9,2993.3496153528,73
"760","1246500",5,8,11,767.733285348632,0
"761","2953100",6,8,2,1872.26616749757,9
"762","2761600",6,8,8,272.76268027228,0
"763","2210900",6,8,4,800.778071113347,0
"764","2406900",6,8,1,168.594617001344,0
"765","1541500",6,8,3,793.144469165822,0
"766","1001000",6,8,6,1056.01246473175,0
"767","816800",6,8,9,5176.90236618427,157
"768","2309700",6,8,0,1529.1749419327,3
"769","1611700",6,8,5,2988.3496153528,78
"770","1246500",6,8,12,767.733285348632,0
"771","2953100",7,8,1,1871.26616749757,10
"772","2761600",7,8,10,272.76268027228,0
"773","2210900",7,8,0,800.778071113347,0
"774","2406900",7,8,4,168.594617001344,0
"775","1541500",7,8,2,793.144469165822,0
"776","1001000",7,8,5,1056.01246473175,0
"777","816800",7,8,11,5154.90236618427,179
"778","2309700",7,8,0,1529.1749419327,3
"779","1611700",7,8,7,2981.3496153528,85
"780","1246500",7,8,10,767.733285348632,0
"781","2953100",8,8,3,1868.26616749757,13
"782","2761600",8,8,10,272.76268027228,0
"783","2210900",8,8,1,800.778071113347,0
"784","2406900",8,8,2,168.594617001344,0
"785","1541500",8,8,0,793.144469165822,0
"786","1001000",8,8,2,1056.01246473175,0
"787","816800",8,8,11,5132.90236618427,201
"788","2309700",8,8,3,1526.1749419327,6
"789","1611700",8,8,7,2974.3496153528,92
"790","1246500",8,8,11,767.733285348632,0
"791","2953100",9,8,1,1867.26616749757,14
"792","2761600",9,8,9,272.76268027228,0
"793","2210900",9,8,5,800.778071113347,0
"794","2406900",9,8,1,168.594617001344,0
"795","1541500",9,8,0,793.144469165822,0
"796","1001000",9,8,3,1056.01246473175,0
"797","816800",9,8,8,5116.90236618427,217
"798","2309700",9,8,2,1524.1749419327,8
"799","1611700",9,8,10,2964.3496153528,102
"800","1246500",9,8,11,767.733285348632,0
"801","2953100",10,8,2,1865.26616749757,16
"802","2761600",10,8,10,272.76268027228,0
"803","2210900",10,8,1,800.778071113347,0
"804","2406900",10,8,2,168.594617001344,0
"805","1541500",10,8,0,793.144469165822,0
"806","1001000",10,8,3,1056.01246473175,0
"807","816800",10,8,10,5096.90236618427,237
"808","2309700",10,8,1,1523.1749419327,9
"809","1611700",10,8,8,2956.3496153528,110
"810","1246500",10,8,13,767.733285348632,0
"811","2953100",1,9,2,1879.20107303728,2
"812","2761600",1,9,7,272.834180077693,0
"813","2210900",1,9,4,800.933141381811,0
"814","2406900",1,9,2,167.834990169179,0
"815","1541500",1,9,1,793.306434090247,0
"816","1001000",1,9,7,1056.17888661802,0
"817","816800",1,9,9,5319.14144342808,36
"818","2309700",1,9,0,1533.20643840955,0
"819","1611700",1,9,6,3054.59057046089,12
"820","1246500",1,9,12,766.92907486694,0
"821","2953100",2,9,2,1877.20107303728,4
"822","2761600",2,9,12,272.834180077693,0
"823","2210900",2,9,1,800.933141381811,0
"824","2406900",2,9,1,167.834990169179,0
"825","1541500",2,9,1,793.306434090247,0
"826","1001000",2,9,4,1056.17888661802,0
"827","816800",2,9,9,5292.14144342808,63
"828","2309700",2,9,0,1533.20643840955,0
"829","1611700",2,9,10,3034.59057046089,32
"830","1246500",2,9,10,766.92907486694,0
"831","2953100",3,9,2,1875.20107303728,6
"832","2761600",3,9,9,272.834180077693,0
"833","2210900",3,9,2,800.933141381811,0
"834","2406900",3,9,2,167.834990169179,0
"835","1541500",3,9,2,793.306434090247,0
"836","1001000",3,9,3,1056.17888661802,0
"837","816800",3,9,9,5270.14144342808,85
"838","2309700",3,9,1,1532.20643840955,1
"839","1611700",3,9,8,3018.59057046089,48
"840","1246500",3,9,12,766.92907486694,0
"841","2953100",4,9,1,1874.20107303728,7
"842","2761600",4,9,13,272.834180077693,0
"843","2210900",4,9,0,800.933141381811,0
"844","2406900",4,9,0,167.834990169179,0
"845","1541500",4,9,1,793.306434090247,0
"846","1001000",4,9,3,1056.17888661802,0
"847","816800",4,9,8,5254.14144342808,101
"848","2309700",4,9,0,1532.20643840955,1
"849","1611700",4,9,10,3004.59057046089,62
"850","1246500",4,9,14,766.92907486694,0
"851","2953100",5,9,2,1872.20107303728,9
"852","2761600",5,9,9,272.834180077693,0
"853","2210900",5,9,3,800.933141381811,0
"854","2406900",5,9,1,167.834990169179,0
"855","1541500",5,9,3,793.306434090247,0
"856","1001000",5,9,6,1056.17888661802,0
"857","816800",5,9,9,5236.14144342808,119
"858","2309700",5,9,0,1532.20643840955,1
"859","1611700",5,9,5,2999.59057046089,67
"860","1246500",5,9,12,766.92907486694,0
"861","2953100",6,9,1,1871.20107303728,10
"862","2761600",6,9,9,272.834180077693,0
"863","2210900",6,9,2,800.933141381811,0
"864","2406900",6,9,3,167.834990169179,0
"865","1541500",6,9,4,793.306434090247,0
"866","1001000",6,9,3,1056.17888661802,0
"867","816800",6,9,9,5218.14144342808,137
"868","2309700",6,9,0,1532.20643840955,1
"869","1611700",6,9,7,2992.59057046089,74
"870","1246500",6,9,12,766.92907486694,0
"871","2953100",7,9,3,1868.20107303728,13
"872","2761600",7,9,10,272.834180077693,0
"873","2210900",7,9,1,800.933141381811,0
"874","2406900",7,9,1,167.834990169179,0
"875","1541500",7,9,0,793.306434090247,0
"876","1001000",7,9,2,1056.17888661802,0
"877","816800",7,9,10,5198.14144342808,157
"878","2309700",7,9,1,1531.20643840955,2
"879","1611700",7,9,9,2983.59057046089,83
"880","1246500",7,9,13,766.92907486694,0
"881","2953100",8,9,3,1865.20107303728,16
"882","2761600",8,9,12,272.834180077693,0
"883","2210900",8,9,1,800.933141381811,0
"884","2406900",8,9,1,167.834990169179,0
"885","1541500",8,9,0,793.306434090247,0
"886","1001000",8,9,4,1056.17888661802,0
"887","816800",8,9,10,5178.14144342808,177
"888","2309700",8,9,0,1531.20643840955,2
"889","1611700",8,9,8,2975.59057046089,91
"890","1246500",8,9,11,766.92907486694,0
"891","2953100",9,9,1,1864.20107303728,17
"892","2761600",9,9,10,272.834180077693,0
"893","2210900",9,9,3,800.933141381811,0
"894","2406900",9,9,1,167.834990169179,0
"895","1541500",9,9,1,793.306434090247,0
"896","1001000",9,9,3,1056.17888661802,0
"897","816800",9,9,9,5160.14144342808,195
"898","2309700",9,9,0,1531.20643840955,2
"899","1611700",9,9,10,2965.59057046089,101
"900","1246500",9,9,12,766.92907486694,0
"901","2953100",10,9,0,1864.20107303728,17
"902","2761600",10,9,10,272.834180077693,0
"903","2210900",10,9,2,800.933141381811,0
"904","2406900",10,9,2,167.834990169179,0
"905","1541500",10,9,5,793.306434090247,0
"906","1001000",10,9,1,1056.17888661802,0
"907","816800",10,9,8,5144.14144342808,211
"908","2309700",10,9,1,1530.20643840955,3
"909","1611700",10,9,9,2956.59057046089,110
"910","1246500",10,9,12,766.92907486694,0
"911","2953100",1,10,0,1883.53753085994,0
"912","2761600",1,10,11,272.905312618949,0
"913","2210900",1,10,0,801.108358927558,0
"914","2406900",1,10,3,167.48317678426,0
"915","1541500",1,10,1,792.486348241266,0
"916","1001000",1,10,3,1055.38892051662,0
"917","816800",1,10,8,5328.24310984468,32
"918","2309700",1,10,1,1532.57638656432,1
"919","1611700",1,10,10,3045.12370283779,20
"920","1246500",1,10,13,766.618170702419,0
"921","2953100",2,10,1,1882.53753085994,1
"922","2761600",2,10,11,272.905312618949,0
"923","2210900",2,10,0,801.108358927558,0
"924","2406900",2,10,2,167.48317678426,0
"925","1541500",2,10,1,792.486348241266,0
"926","1001000",2,10,3,1055.38892051662,0
"927","816800",2,10,10,5296.24310984468,64
"928","2309700",2,10,0,1532.57638656432,1
"929","1611700",2,10,9,3027.12370283779,38
"930","1246500",2,10,13,766.618170702419,0
"931","2953100",3,10,2,1880.53753085994,3
"932","2761600",3,10,11,272.905312618949,0
"933","2210900",3,10,1,801.108358927558,0
"934","2406900",3,10,2,167.48317678426,0
"935","1541500",3,10,1,792.486348241266,0
"936","1001000",3,10,3,1055.38892051662,0
"937","816800",3,10,9,5274.24310984468,86
"938","2309700",3,10,1,1531.57638656432,2
"939","1611700",3,10,8,3011.12370283779,54
"940","1246500",3,10,12,766.618170702419,0
"941","2953100",4,10,2,1878.53753085994,5
"942","2761600",4,10,9,272.905312618949,0
"943","2210900",4,10,0,801.108358927558,0
"944","2406900",4,10,4,167.48317678426,0
"945","1541500",4,10,0,792.486348241266,0
"946","1001000",4,10,4,1055.38892051662,0
"947","816800",4,10,9,5256.24310984468,104
"948","2309700",4,10,0,1531.57638656432,2
"949","1611700",4,10,8,2998.12370283779,67
"950","1246500",4,10,14,766.618170702419,0
"951","2953100",5,10,1,1877.53753085994,6
"952","2761600",5,10,10,272.905312618949,0
"953","2210900",5,10,3,801.108358927558,0
"954","2406900",5,10,2,167.48317678426,0
"955","1541500",5,10,1,792.486348241266,0
"956","1001000",5,10,3,1055.38892051662,0
"957","816800",5,10,10,5236.24310984468,124
"958","2309700",5,10,1,1530.57638656432,3
"959","1611700",5,10,7,2991.12370283779,74
"960","1246500",5,10,12,766.618170702419,0
"961","2953100",6,10,2,1875.53753085994,8
"962","2761600",6,10,9,272.905312618949,0
"963","2210900",6,10,1,801.108358927558,0
"964","2406900",6,10,3,167.48317678426,0
"965","1541500",6,10,2,792.486348241266,0
"966","1001000",6,10,3,1055.38892051662,0
"967","816800",6,10,10,5216.24310984468,144
"968","2309700",6,10,0,1530.57638656432,3
"969","1611700",6,10,7,2984.12370283779,81
"970","1246500",6,10,13,766.618170702419,0
"971","2953100",7,10,1,1874.53753085994,9
"972","2761600",7,10,8,272.905312618949,0
"973","2210900",7,10,4,801.108358927558,0
"974","2406900",7,10,2,167.48317678426,0
"975","1541500",7,10,3,792.486348241266,0
"976","1001000",7,10,1,1055.38892051662,0
"977","816800",7,10,10,5196.24310984468,164
"978","2309700",7,10,1,1529.57638656432,4
"979","1611700",7,10,8,2976.12370283779,89
"980","1246500",7,10,12,766.618170702419,0
"981","2953100",8,10,1,1873.53753085994,10
"982","2761600",8,10,10,272.905312618949,0
"983","2210900",8,10,1,801.108358927558,0
"984","2406900",8,10,3,167.48317678426,0
"985","1541500",8,10,2,792.486348241266,0
"986","1001000",8,10,3,1055.38892051662,0
"987","816800",8,10,10,5176.24310984468,184
"988","2309700",8,10,1,1528.57638656432,5
"989","1611700",8,10,8,2968.12370283779,97
"990","1246500",8,10,11,766.618170702419,0
"991","2953100",9,10,3,1870.53753085994,13
"992","2761600",9,10,11,272.905312618949,0
"993","2210900",9,10,3,801.108358927558,0
"994","2406900",9,10,1,167.48317678426,0
"995","1541500",9,10,1,792.486348241266,0
"996","1001000",9,10,2,1055.38892051662,0
"997","816800",9,10,10,5156.24310984468,204
"998","2309700",9,10,0,1528.57638656432,5
"999","1611700",9,10,9,2959.12370283779,106
"1000","1246500",9,10,10,766.618170702419,0
"1001","2953100",10,10,2,1868.53753085994,15
"1002","2761600",10,10,9,272.905312618949,0
"1003","2210900",10,10,3,801.108358927558,0
"1004","2406900",10,10,3,167.48317678426,0
"1005","1541500",10,10,2,792.486348241266,0
"1006","1001000",10,10,2,1055.38892051662,0
"1007","816800",10,10,9,5138.24310984468,222
"1008","2309700",10,10,0,1528.57638656432,5
"1009","1611700",10,10,8,2951.12370283779,114
"1010","1246500",10,10,12,766.618170702419,0
