"Species","LakeClass","Age","Median Total Length (mm)","Lower Quartile Total Length (mm)","Upper Quartile Total Length (mm)"
"Black Crappie","Complex Cool Clear",1,97.0940323684936,92.084466593109,101.474225610243
"Black Crappie","Complex Cool Clear",2,145.771134624075,134.443601120914,157.454386814415
"Black Crappie","Complex Cool Clear",3,185.615673425368,169.889395801851,202.302051412506
"Black Crappie","Complex Cool Clear",4,218.230336146088,199.550161409289,238.23108370963
"Black Crappie","Complex Cool Clear",5,244.926999136494,224.370059632434,267.015087812771
"Black Crappie","Complex Cool Clear",6,266.779496000444,245.139157637537,290.074959989623
"Black Crappie","Complex Cool Clear",7,284.666810956646,262.518577491216,308.549029924692
"Black Crappie","Complex Cool Clear",8,299.30843467289,277.061541002496,323.349253332193
"Black Crappie","Complex Cool Clear",9,311.293304709168,289.230979883142,335.206229823124
"Black Crappie","Complex Cool Clear",10,321.103494656008,299.414271793001,344.705268292723
"Black Crappie","Complex Cool Clear",11,329.133604828395,307.935571348259,352.315280163449
"Black Crappie","Complex Cool Clear",12,335.706634477169,315.066128613355,358.411926772255
"Black Crappie","Complex Cool Clear",13,341.086973953984,321.032923534846,363.296163551916
"Black Crappie","Complex Cool Clear",14,345.491039420381,326.025891168583,367.209096423135
"Black Crappie","Complex Cool Clear",15,349.095977866345,330.203967693678,370.343883769732
"Black Crappie","Complex Cool Dark",1,101.674296965867,98.1739146027496,104.622299030606
"Black Crappie","Complex Cool Dark",2,145.810702097913,137.58332472127,153.707133667877
"Black Crappie","Complex Cool Dark",3,182.538274665651,170.918967733376,193.947325832112
"Black Crappie","Complex Cool Dark",4,213.100677350754,199.116930902286,226.936599960889
"Black Crappie","Complex Cool Dark",5,238.532808923394,222.969031987797,253.981505787925
"Black Crappie","Complex Cool Dark",6,259.695847804605,243.145054021214,276.153164622795
"Black Crappie","Complex Cool Dark",7,277.306413140367,260.211553263086,294.329691419885
"Black Crappie","Complex Cool Dark",8,291.960830834627,274.647768483827,309.230972774877
"Black Crappie","Complex Cool Dark",9,304.155326233462,286.859078310522,321.44717824138
"Black Crappie","Complex Cool Dark",10,314.30282722154,297.188384531262,331.462134166619
"Black Crappie","Complex Cool Dark",11,322.746946714413,305.925741007843,339.67248577371
"Black Crappie","Complex Cool Dark",12,329.773618019366,313.316498583175,346.403406410335
"Black Crappie","Complex Cool Dark",13,335.620777059397,319.568194697868,351.921476133123
"Black Crappie","Complex Cool Dark",14,340.486419318102,324.856381181066,356.445239687825
"Black Crappie","Complex Cool Dark",15,344.535304328348,329.329553863812,360.15386203711
"Black Crappie","Complex Riverine",1,97.1015966294601,96.0096064451875,97.9839360685357
"Black Crappie","Complex Riverine",2,147.789087733087,142.626090833805,153.001393457563
"Black Crappie","Complex Riverine",3,187.823117369986,180.010460018571,195.766286926231
"Black Crappie","Complex Riverine",4,219.442822628064,209.991079056502,229.007301690961
"Black Crappie","Complex Riverine",5,244.416720326492,234.034216268615,254.845436033527
"Black Crappie","Complex Riverine",6,264.141621654981,253.315754327222,274.92933512715
"Black Crappie","Complex Riverine",7,279.720757003291,268.778699392403,290.540485586197
"Black Crappie","Complex Riverine",8,292.025480568646,281.179300908841,302.674982852834
"Black Crappie","Complex Riverine",9,301.744005931879,291.124037653443,312.107088724871
"Black Crappie","Complex Riverine",10,309.419898424234,299.099278918018,319.438634418644
"Black Crappie","Complex Riverine",11,315.482477195402,305.495071472577,325.137421411614
"Black Crappie","Complex Riverine",12,320.27082739614,310.624215663193,329.567070294363
"Black Crappie","Complex Riverine",13,324.052765497126,314.737563603063,333.010222187677
"Black Crappie","Complex Riverine",14,327.039818490344,318.036287648564,335.686573129758
"Black Crappie","Complex Riverine",15,329.399054772388,320.681719177197,337.766892147657
"Black Crappie","Complex Two Story",1,81.7368406568547,83.8959715701052,76.4848602792084
"Black Crappie","Complex Two Story",2,152.414170251549,128.835121160175,183.172932235005
"Black Crappie","Complex Two Story",3,202.595892768511,164.533934674796,250.904720625376
"Black Crappie","Complex Two Story",4,238.225496903392,192.892399353737,293.904796214508
"Black Crappie","Complex Two Story",5,263.522928460851,215.41982925326,321.203743202507
"Black Crappie","Complex Two Story",6,281.484397832829,233.315195015242,338.534701263471
"Black Crappie","Complex Two Story",7,294.237249096316,247.530936321884,349.537400651215
"Black Crappie","Complex Two Story",8,303.291921182461,258.823653307122,356.522553658407
"Black Crappie","Complex Two Story",9,309.720843224574,267.794374858525,360.957134738413
"Black Crappie","Complex Two Story",10,314.285452326963,274.920546997436,363.772464529313
"Black Crappie","Complex Two Story",11,317.526377651789,280.5814438453,365.559799497044
"Black Crappie","Complex Two Story",12,319.827472165139,285.078353616419,366.694503607802
"Black Crappie","Complex Two Story",13,321.461275918287,288.650613990183,367.414879722082
"Black Crappie","Complex Two Story",14,322.621295503885,291.488350308559,367.872216345
"Black Crappie","Complex Two Story",15,323.444922843692,293.742594560118,368.162560211927
"Black Crappie","Complex Warm Clear",1,77.7819178517214,82.4341255142555,66.041644074504
"Black Crappie","Complex Warm Clear",2,142.132699196728,131.603220100224,152.546351355147
"Black Crappie","Complex Warm Clear",3,188.16102784338,169.145416259856,209.967773103066
"Black Crappie","Complex Warm Clear",4,221.083814384938,197.810098909727,248.08384538634
"Black Crappie","Complex Warm Clear",5,244.632570238794,219.696512478184,273.385116620649
"Black Crappie","Complex Warm Clear",6,261.476342000473,236.407498074659,290.179982610895
"Black Crappie","Complex Warm Clear",7,273.524224653818,249.166876797542,301.32833642356
"Black Crappie","Complex Warm Clear",8,282.141740877769,258.909075691443,308.728561754596
"Black Crappie","Complex Warm Clear",9,288.305611161601,266.34756006828,313.640796858571
"Black Crappie","Complex Warm Clear",10,292.714456574658,272.027083800761,316.901515639055
"Black Crappie","Complex Warm Clear",11,295.867981386368,276.363584113682,319.065965576885
"Black Crappie","Complex Warm Clear",12,298.123610197627,279.674642549165,320.502717363457
"Black Crappie","Complex Warm Clear",13,299.736998909612,282.202742900161,321.456426506893
"Black Crappie","Complex Warm Clear",14,300.891011095912,284.133029395927,322.089494193863
"Black Crappie","Complex Warm Clear",15,301.716443997627,285.606865651781,322.509721575599
"Black Crappie","Complex Warm Dark",1,95.3120109356651,91.6201186075019,98.5360501418584
"Black Crappie","Complex Warm Dark",2,143.443169811666,134.691892103506,152.172541746324
"Black Crappie","Complex Warm Dark",3,182.322061143727,170.154534845462,194.739504191657
"Black Crappie","Complex Warm Dark",4,213.727251180902,199.352288459213,228.521473101636
"Black Crappie","Complex Warm Dark",5,239.095411832586,223.39191862137,255.331500359286
"Black Crappie","Complex Warm Dark",6,259.587043123077,243.184667953328,276.608459185202
"Black Crappie","Complex Warm Dark",7,276.139561798395,259.480797447635,293.494267339333
"Black Crappie","Complex Warm Dark",8,289.510184693796,272.89802574883,306.895172955168
"Black Crappie","Complex Warm Dark",9,300.310568618303,283.944944303895,317.530392169156
"Black Crappie","Complex Warm Dark",10,309.034791403531,293.040295953487,325.97070888894
"Black Crappie","Complex Warm Dark",11,316.081954146848,300.52884773536,332.66910831982
"Black Crappie","Complex Warm Dark",12,321.774438618344,306.694459572074,337.985088326878
"Black Crappie","Complex Warm Dark",13,326.372655040827,311.770844222714,342.203953404582
"Black Crappie","Complex Warm Dark",14,330.086954899502,315.950426363744,345.552126746135
"Black Crappie","Complex Warm Dark",15,333.087253748573,319.39163660998,348.209302199395
"Black Crappie","Simple Cool Dark",1,79.1355784086856,74.1992425314486,82.4007574759451
"Black Crappie","Simple Cool Dark",2,126.030599081682,109.228139685541,145.245969687229
"Black Crappie","Simple Cool Dark",3,164.791800380221,139.347771557668,194.983097620238
"Black Crappie","Simple Cool Dark",4,196.829972120937,165.246166820348,234.346190017917
"Black Crappie","Simple Cool Dark",5,223.31120629585,187.514927608314,265.499035135857
"Black Crappie","Simple Cool Dark",6,245.199339273657,206.66274360239,290.154104131392
"Black Crappie","Simple Cool Dark",7,263.291032511582,223.127012127882,309.666685562502
"Black Crappie","Simple Cool Dark",8,278.244768608992,237.283829707671,325.109385567708
"Black Crappie","Simple Cool Dark",9,290.604818070932,249.456583309029,337.331089000068
"Black Crappie","Simple Cool Dark",10,300.821049098847,259.923337535694,347.003622607416
"Black Crappie","Simple Cool Dark",11,309.265301424625,268.92318651228,354.658685332762
"Black Crappie","Simple Cool Dark",12,316.244920145716,276.661715558371,360.717075792574
"Black Crappie","Simple Cool Dark",13,322.013942151734,283.315697414401,365.511823566752
"Black Crappie","Simple Cool Dark",14,326.782342294476,289.037130296109,369.306495826733
"Black Crappie","Simple Cool Dark",15,330.723675833779,293.956710019675,372.309685616657
"Black Crappie","Simple Riverine",1,90.2999122608985,83.5280108415644,96.2492254364357
"Black Crappie","Simple Riverine",2,136.631362465953,121.979243988678,152.092307546769
"Black Crappie","Simple Riverine",3,174.311173345689,154.186893373859,196.152605831438
"Black Crappie","Simple Riverine",4,204.954896813203,181.164771429157,230.916265206442
"Black Crappie","Simple Riverine",5,229.876406927749,203.762071084979,258.344858751888
"Black Crappie","Simple Riverine",6,250.14423329186,222.690096139,279.986071368942
"Black Crappie","Simple Riverine",7,266.627375109417,238.544651236399,297.061029396247
"Black Crappie","Simple Riverine",8,280.032560218897,251.824796239325,310.533203843833
"Black Crappie","Simple Riverine",9,290.934546612535,262.948555324038,321.16277517607
"Black Crappie","Simple Riverine",10,299.800765643187,272.26607528692,329.549527229103
"Black Crappie","Simple Riverine",11,307.011363516008,280.07064724839,336.166690593512
"Black Crappie","Simple Riverine",12,312.875500359884,286.607938689075,341.387645107774
"Black Crappie","Simple Riverine",13,317.644605714287,292.083726418555,345.506988176528
"Black Crappie","Simple Riverine",14,321.5231587711,296.670373890276,348.757157713868
"Black Crappie","Simple Riverine",15,324.677455582898,300.512256751547,351.321547677302
"Black Crappie","Simple Warm Clear",1,82.5711034918832,74.6777041354399,84.9568013933283
"Black Crappie","Simple Warm Clear",2,137.06598935333,109.724481415639,171.217251481772
"Black Crappie","Simple Warm Clear",3,180.433321053415,139.688127866825,234.719428878172
"Black Crappie","Simple Warm Clear",4,214.945283580815,165.305892988953,281.467695667289
"Black Crappie","Simple Warm Clear",5,242.410094321992,187.20809674515,315.882270684844
"Black Crappie","Simple Warm Clear",6,264.266742678334,205.933638457748,341.217177302485
"Black Crappie","Simple Warm Clear",7,281.660384377695,221.943256317826,359.867923185508
"Black Crappie","Simple Warm Clear",8,295.502340684687,235.630863755814,373.598004264665
"Black Crappie","Simple Warm Clear",9,306.517846104216,247.333241602298,383.705649697324
"Black Crappie","Simple Warm Clear",10,315.284046268161,257.338324512685,391.14657416116
"Black Crappie","Simple Warm Clear",11,322.260236863839,265.892285541536,396.624344156695
"Black Crappie","Simple Warm Clear",12,327.811927940594,273.20559318111,400.656902781608
"Black Crappie","Simple Warm Clear",13,332.229994418137,279.458189896322,403.625543136465
"Black Crappie","Simple Warm Clear",14,335.745916167048,284.803919572936,405.810960975659
"Black Crappie","Simple Warm Clear",15,338.543906149158,289.374312815461,407.419795513011
"Black Crappie","Simple Warm Dark",1,77.1551518670835,81.3989353954974,67.1219071802127
"Black Crappie","Simple Warm Dark",2,140.227887318891,128.900258270658,149.745831436444
"Black Crappie","Simple Warm Dark",3,183.858679571785,164.47445548289,202.977391221294
"Black Crappie","Simple Warm Dark",4,214.040437489511,191.116313660626,237.272530100688
"Black Crappie","Simple Warm Dark",5,234.918777395056,211.068657291264,259.367628488012
"Black Crappie","Simple Warm Dark",6,249.361444333137,226.011159188063,273.60268886967
"Black Crappie","Simple Warm Dark",7,259.352211282426,237.201742463353,282.773815447938
"Black Crappie","Simple Warm Dark",8,266.263360356412,245.582477825215,288.682435464963
"Black Crappie","Simple Warm Dark",9,271.044172656938,251.858891080693,292.489142329997
"Black Crappie","Simple Warm Dark",10,274.351316810274,256.559357287133,294.941663750318
"Black Crappie","Simple Warm Dark",11,276.639045707252,260.079581602922,296.521733225167
"Black Crappie","Simple Warm Dark",12,278.221590423602,262.7159114241,297.539713954983
"Black Crappie","Simple Warm Dark",13,279.316321439395,264.690284163604,298.195561550783
"Black Crappie","Simple Warm Dark",14,280.073605568277,266.168910882909,298.618100068771
"Black Crappie","Simple Warm Dark",15,280.597459595965,267.276268643326,298.890326116906
"Bluegill","Complex Cool Clear",1,71.4212461843996,50.9856752730566,101.761866091321
"Bluegill","Complex Cool Clear",2,95.88667112114,66.5352582657223,139.895169516153
"Bluegill","Complex Cool Clear",3,118.595257890988,81.2889986213848,174.571165422894
"Bluegill","Complex Cool Clear",4,139.673163319449,95.2876283328682,206.103306206202
"Bluegill","Complex Cool Clear",5,159.237485034134,108.569794690365,234.776625497517
"Bluegill","Complex Cool Clear",6,177.396911996874,121.172166978526,260.850314716136
"Bluegill","Complex Cool Clear",7,194.252328321764,133.129537712688,284.56006602055
"Bluegill","Complex Cool Clear",8,209.897373733621,144.474918693736,306.120202839076
"Bluegill","Complex Cool Clear",9,224.418963780472,155.239632146786,325.725617238636
"Bluegill","Complex Cool Clear",10,237.897772690097,165.453397195297,343.553531644458
"Bluegill","Complex Cool Clear",11,250.408681553109,175.14441190936,359.765100835694
"Bluegill","Complex Cool Clear",12,262.021194322455,184.339431154675,374.506868698142
"Bluegill","Complex Cool Clear",13,272.799823940396,193.063840457143,387.912092902334
"Bluegill","Complex Cool Clear",14,282.804450738089,201.341726086993,400.10194948137
"Bluegill","Complex Cool Clear",15,292.090655098848,209.195941555939,411.186628197224
"Bluegill","Complex Cool Dark",1,69.4583034721292,64.2746943834195,75.5611083980565
"Bluegill","Complex Cool Dark",2,97.4589481219821,87.7127389678908,108.922726812668
"Bluegill","Complex Cool Dark",3,121.863103205736,108.504266718853,137.451391061232
"Bluegill","Complex Cool Dark",4,143.132712987919,126.948110217019,161.84723042647
"Bluegill","Complex Cool Dark",5,161.670388180267,143.309359234378,182.708949473288
"Bluegill","Complex Cool Dark",6,177.827026927107,157.823170817885,200.548521011396
"Bluegill","Complex Cool Dark",7,191.908456927761,170.698149155909,215.803750551639
"Bluegill","Complex Cool Dark",8,204.181224424162,182.119343805628,228.849020603579
"Bluegill","Complex Cool Dark",9,214.877639632967,192.25090937429,240.004478492894
"Bluegill","Complex Cool Dark",10,224.200174126732,201.23846488142,249.5438931792
"Bluegill","Complex Cool Dark",11,232.325293401822,209.211186712643,257.701373890454
"Bluegill","Complex Cool Dark",12,239.406797179427,216.283665246727,264.677115457703
"Bluegill","Complex Cool Dark",13,245.578730667958,222.557551840787,270.642311347889
"Bluegill","Complex Cool Dark",14,250.957921893882,228.123019845452,275.743354966729
"Bluegill","Complex Cool Dark",15,255.646193129928,233.06006064888,280.105432336915
"Bluegill","Complex Riverine",1,71.9314832532711,69.0006940384512,74.2657441210091
"Bluegill","Complex Riverine",2,104.869261881926,98.2619436844734,111.291765298602
"Bluegill","Complex Riverine",3,132.175423160301,122.966222796225,141.49478134657
"Bluegill","Complex Riverine",4,154.812846654063,143.823206479911,166.132107999046
"Bluegill","Complex Riverine",5,173.579781237494,161.432049321012,186.229367942119
"Bluegill","Complex Riverine",6,189.137993229061,176.298597183593,202.623186269759
"Bluegill","Complex Riverine",7,202.03610183057,188.849918547797,215.996018194158
"Bluegill","Complex Riverine",8,212.728924732488,199.44657282448,226.904558846748
"Bluegill","Complex Riverine",9,221.593516057019,208.392968076519,235.802917836222
"Bluegill","Complex Riverine",10,228.942462174592,215.946105691079,243.061523292925
"Bluegill","Complex Riverine",11,235.034904235574,222.322963209362,248.982542352552
"Bluegill","Complex Riverine",12,240.085676097632,227.706727398973,253.812460015605
"Bluegill","Complex Riverine",13,244.272879873592,232.252056625201,257.752340025609
"Bluegill","Complex Riverine",14,247.74416623145,236.089523692326,260.966194914268
"Bluegill","Complex Riverine",15,250.621940904713,239.329366783624,263.587813648629
"Bluegill","Complex Two Story",1,62.9788440092085,50.2348150521896,80.8707214517751
"Bluegill","Complex Two Story",2,88.6766731684722,68.6470988463914,117.094204846208
"Bluegill","Complex Two Story",3,112.209997723669,85.8379089783884,149.59603883156
"Bluegill","Complex Two Story",4,133.761131914339,101.888278193718,178.758590674206
"Bluegill","Complex Two Story",5,153.497033818676,116.873863513453,204.924942713243
"Bluegill","Complex Two Story",6,171.570598788923,130.865302860566,228.402928546757
"Bluegill","Complex Two Story",7,188.121843941899,143.928548027649,249.468754534895
"Bluegill","Complex Two Story",8,203.278992880964,156.125175555504,268.370249224829
"Bluegill","Complex Two Story",9,217.159469052855,167.512676988004,285.329778925433
"Bluegill","Complex Two Story",10,229.870805434979,178.144729871393,300.546863731899
"Bluegill","Complex Two Story",11,241.511477600588,188.071450775471,314.200524776457
"Bluegill","Complex Two Story",12,252.171666615626,197.339631529292,326.451390319408
"Bluegill","Complex Two Story",13,261.933957677484,205.992959784972,337.443585457523
"Bluegill","Complex Two Story",14,270.873979908046,214.072224949248,347.306427681264
"Bluegill","Complex Two Story",15,279.060992257556,221.615510453507,356.155948228175
"Bluegill","Complex Warm Clear",1,55.3214133400741,48.5329158126526,63.3065219881126
"Bluegill","Complex Warm Clear",2,81.1644086073243,69.039587993573,96.0796004203199
"Bluegill","Complex Warm Clear",3,104.818362323186,88.0626583415899,125.658358606334
"Bluegill","Complex Warm Clear",4,126.468698153304,105.709461405146,152.354139951271
"Bluegill","Complex Warm Clear",5,146.285133375402,122.079566370687,176.447941899782
"Bluegill","Complex Warm Clear",6,164.423009295339,137.265338865439,198.193373690418
"Bluegill","Complex Warm Clear",7,181.024508969717,151.352462115277,217.819325824153
"Bluegill","Complex Warm Clear",8,196.219771780807,164.420420398249,235.532379345655
"Bluegill","Complex Warm Clear",9,210.127913600938,176.542947521554,251.518980297171
"Bluegill","Complex Warm Clear",10,222.857960543442,187.788442852431,265.947402233161
"Bluegill","Complex Warm Clear",11,234.509703619846,198.220357250351,278.969517452921
"Bluegill","Complex Warm Clear",12,245.174481002971,207.897551078064,290.722395595035
"Bluegill","Complex Warm Clear",13,254.935894028112,216.874626311521,301.329746420329
"Bluegill","Complex Warm Clear",14,263.870462545048,225.202234622556,310.90322196992
"Bluegill","Complex Warm Clear",15,272.048224758186,232.927363172615,319.543591804778
"Bluegill","Complex Warm Dark",1,75.6326941516884,69.4893117035067,82.1402765060778
"Bluegill","Complex Warm Dark",2,102.152386210611,92.7534786679509,112.38930619661
"Bluegill","Complex Warm Dark",3,125.60075132665,113.567575579295,138.813427364876
"Bluegill","Complex Warm Dark",4,146.333489300886,132.189632019009,161.896289415613
"Bluegill","Complex Warm Dark",5,164.665105248571,148.850503135397,182.060385585943
"Bluegill","Complex Warm Dark",6,180.873680482148,163.756731524057,199.674785978433
"Bluegill","Complex Warm Dark",7,195.205090863658,177.093107708872,215.06189277291
"Bluegill","Complex Warm Dark",8,207.876736616814,189.024960965477,228.503341259886
"Bluegill","Complex Warm Dark",9,219.080840178081,199.700208886215,240.245154704171
"Bluegill","Complex Warm Dark",10,228.987362113509,209.251191094797,250.502247389827
"Bluegill","Complex Warm Dark",11,237.746579334277,217.796309842946,259.462358267194
"Bluegill","Complex Warm Dark",12,245.491364721185,225.441497827314,267.289487200812
"Bluegill","Complex Warm Dark",13,252.33920273884,232.281531422985,274.126896713035
"Bluegill","Complex Warm Dark",14,258.393971615368,238.401205613543,280.099734165225
"Bluegill","Complex Warm Dark",15,263.747519122428,243.87638518317,285.317322371185
"Bluegill","Simple Cool Clear",1,54.8871465340018,46.1416816546668,61.5134897695576
"Bluegill","Simple Cool Clear",2,85.5451100329581,66.9703495845069,106.520525176412
"Bluegill","Simple Cool Clear",3,111.96377667724,85.6584452856746,143.795132272917
"Bluegill","Simple Cool Clear",4,134.729344497342,102.425956396438,174.665779975857
"Bluegill","Simple Cool Clear",5,154.346953710933,117.470262319595,200.232699759391
"Bluegill","Simple Cool Clear",6,171.251895168943,130.968457681709,221.407097961453
"Bluegill","Simple Cool Clear",7,185.819268929286,143.079437009333,238.943631224574
"Bluegill","Simple Cool Clear",8,198.372307270214,153.945765162045,253.46730249749
"Bluegill","Simple Cool Clear",9,209.189546820817,163.695355540182,265.495736172423
"Bluegill","Simple Cool Clear",10,218.511008949522,172.442975822359,275.457626245085
"Bluegill","Simple Cool Clear",11,226.543525545869,180.29159895762,283.708014990763
"Bluegill","Simple Cool Clear",12,233.465328368185,187.333615315469,290.540946689297
"Bluegill","Simple Cool Clear",13,239.430003789187,193.651920262668,296.199947378362
"Bluegill","Simple Cool Clear",14,244.569900690499,199.320889969236,300.886704133986
"Bluegill","Simple Cool Clear",15,248.999067123108,204.407256930398,304.768253208338
"Bluegill","Simple Cool Dark",1,68.7763831161477,59.7337943114186,78.5126637631737
"Bluegill","Simple Cool Dark",2,95.9758321486639,80.8650282089747,113.467631150204
"Bluegill","Simple Cool Dark",3,120.193786439826,100.087287093619,143.966749449167
"Bluegill","Simple Cool Dark",4,141.75706551021,117.573025901848,170.578023512586
"Bluegill","Simple Cool Dark",5,160.956664232591,133.479120159786,193.797052349315
"Bluegill","Simple Cool Dark",6,178.05167978645,147.948273411882,214.056258986172
"Bluegill","Simple Cool Dark",7,193.272808155453,161.110297503884,231.732943762308
"Bluegill","Simple Cool Dark",8,206.825457352859,173.083277206298,247.156311038024
"Bluegill","Simple Cool Dark",9,218.892519387629,183.974629626896,260.613600180996
"Bluegill","Simple Cool Dark",10,229.636838378699,193.882067916946,272.355435011234
"Bluegill","Simple Cool Dark",11,239.203408124443,202.894477917149,282.60049133096
"Bluegill","Simple Cool Dark",12,247.721328783376,211.092715608251,291.539569465841
"Bluegill","Simple Cool Dark",13,255.305549071337,218.550332520743,299.339147663147
"Bluegill","Simple Cool Dark",14,262.058417486002,225.334235611749,306.144482524077
"Bluegill","Simple Cool Dark",15,268.071063492363,231.505287529297,312.082314211615
"Bluegill","Simple Riverine",1,67.4478346599817,64.2191878693253,70.9572438032785
"Bluegill","Simple Riverine",2,99.2309622534091,91.9649164638448,107.486830501377
"Bluegill","Simple Riverine",3,125.686635986189,115.501039438918,137.261758549023
"Bluegill","Simple Riverine",4,147.707837977651,135.466241751434,161.531026842952
"Bluegill","Simple Riverine",5,166.037869639174,152.402306531596,181.312682824797
"Bluegill","Simple Riverine",6,181.295440994393,166.768817110757,197.436527542519
"Bluegill","Simple Riverine",7,193.995554554387,178.955628445047,210.578924150762
"Bluegill","Simple Riverine",8,204.566888660031,189.293446363965,221.291169997344
"Bluegill","Simple Riverine",9,213.366267047102,198.062801726348,230.022622448386
"Bluegill","Simple Riverine",10,220.690703038346,205.501663009735,237.139548534352
"Bluegill","Simple Riverine",11,226.787424900957,211.811893911183,242.940489122083
"Bluegill","Simple Riverine",12,231.862220764347,217.164731195366,247.668782109239
"Bluegill","Simple Riverine",13,236.086384771733,221.705431438898,251.522769964189
"Bluegill","Simple Riverine",14,239.602498925215,225.55721276663,254.664119797298
"Bluegill","Simple Riverine",15,242.529245784166,228.824598544364,257.224604974048
"Bluegill","Simple Two Story",1,63.8573469342443,43.866131362916,88.4474713439907
"Bluegill","Simple Two Story",2,92.0253381315365,57.9313951265515,145.08833550968
"Bluegill","Simple Two Story",3,116.863203878026,71.0289878788829,191.933315695585
"Bluegill","Simple Two Story",4,138.76464408083,83.2254840689825,230.676583492462
"Bluegill","Simple Two Story",5,158.076813969051,94.5828779143998,262.719308105081
"Bluegill","Simple Two Story",6,175.105826779987,105.15889851486,289.220330320942
"Bluegill","Simple Two Story",7,190.12160589717,115.007303286566,311.138072553418
"Bluegill","Simple Two Story",8,203.362163350459,124.178151208623,329.26520065649
"Bluegill","Simple Two Story",9,215.037372495835,132.718057270479,344.257291072549
"Bluegill","Simple Two Story",10,225.33229467484,140.670429413725,356.656540074668
"Bluegill","Simple Two Story",11,234.410112583888,148.07568917263,366.911372559661
"Bluegill","Simple Two Story",12,242.414716849658,154.971477134895,375.392659553518
"Bluegill","Simple Two Story",13,249.472986809856,161.392844266999,382.407130943219
"Bluegill","Simple Two Story",14,255.696801651531,167.372430076612,388.208468512927
"Bluegill","Simple Two Story",15,261.184813785082,172.940628517683,393.006480469626
"Bluegill","Simple Warm Clear",1,65.2923070504577,56.8638270481442,75.4592945663563
"Bluegill","Simple Warm Clear",2,89.3057227422024,75.5726360898946,105.99303060123
"Bluegill","Simple Warm Clear",3,111.105255127055,92.8361009517666,133.240728447647
"Bluegill","Simple Warm Clear",4,130.895010083139,108.765881322714,157.556031268162
"Bluegill","Simple Warm Clear",5,148.860276232335,123.465010651444,179.254523176941
"Bluegill","Simple Warm Clear",6,165.16925977092,137.028562564361,198.617825151454
"Bluegill","Simple Warm Clear",7,179.974659359936,149.544265799574,215.897250142482
"Bluegill","Simple Warm Clear",8,193.415095820726,161.093071634331,231.317064821486
"Bluegill","Simple Warm Clear",9,205.616410021698,171.749677475995,245.077400298983
"Bluegill","Simple Warm Clear",10,216.69284110823,181.583010003141,257.356849591659
"Bluegill","Simple Warm Clear",11,226.748096107311,190.656670981701,268.314785550268
"Bluegill","Simple Warm Clear",12,235.876320921484,199.029348639716,278.093429332331
"Bluegill","Simple Warm Clear",13,244.16298180335,206.755197261419,286.819696265964
"Bluegill","Simple Warm Clear",14,251.685665563771,213.884187455892,294.606843061994
"Bluegill","Simple Warm Clear",15,258.51480600599,220.4624293658,301.555937753243
"Bluegill","Simple Warm Dark",1,66.5615306861204,60.070121089122,72.6000143807836
"Bluegill","Simple Warm Dark",2,97.2967638156273,85.2886252834911,109.915191769681
"Bluegill","Simple Warm Dark",3,123.711636729706,107.465481548107,141.328794729828
"Bluegill","Simple Warm Dark",4,146.413449601172,126.967548363444,167.774185586561
"Bluegill","Simple Warm Dark",5,165.924136225614,144.117436766549,190.037110933031
"Bluegill","Simple Warm Dark",6,182.692263718888,159.198847112639,208.779047766848
"Bluegill","Simple Warm Dark",7,197.103345452856,172.461262160539,224.55685732315
"Bluegill","Simple Warm Dark",8,209.488704332458,184.124074116874,237.839330559629
"Bluegill","Simple Warm Dark",9,220.133090188307,194.380213910233,249.021116893671
"Bluegill","Simple Warm Dark",10,229.281226415091,203.399342732233,258.43445004286
"Bluegill","Simple Warm Dark",11,237.1434363685,211.330658641215,266.359019367517
"Bluegill","Simple Warm Dark",12,243.900478876296,218.305364656572,273.030280013031
"Bluegill","Simple Warm Dark",13,249.707704035982,224.438839171886,278.646448763289
"Bluegill","Simple Warm Dark",14,254.698624844364,229.832544590751,283.3743934663
"Bluegill","Simple Warm Dark",15,258.987986773787,234.575705758673,287.354591018895
"Largemouth Bass","Complex Cool Clear",1,115.577523202317,114.393515296673,115.87184476085
"Largemouth Bass","Complex Cool Clear",2,177.973567767168,172.560767460613,182.752583513879
"Largemouth Bass","Complex Cool Clear",3,230.896924310625,222.328657103515,239.019861924641
"Largemouth Bass","Complex Cool Clear",4,275.785693901054,264.910053806375,286.357954756501
"Largemouth Bass","Complex Cool Clear",5,313.85965154371,301.342688546895,326.183855284314
"Largemouth Bass","Complex Cool Clear",6,346.153391465772,332.514443747847,359.689690816914
"Largemouth Bass","Complex Cool Clear",7,373.544440432675,359.184991437535,387.87840720146
"Largemouth Bass","Complex Cool Clear",8,396.777103026665,382.004306855688,411.5937904706
"Largemouth Bass","Complex Cool Clear",9,416.482686841959,401.52850869105,431.545724284462
"Largemouth Bass","Complex Cool Clear",10,433.196657181375,418.233411985596,448.331439210298
"Largemouth Bass","Complex Cool Clear",11,447.37318740374,432.526123996731,462.453389904405
"Largemouth Bass","Complex Cool Clear",12,459.397500302733,444.754965614746,474.334295322371
"Largemouth Bass","Complex Cool Clear",13,469.596335872865,455.217960125653,484.329792163295
"Largemouth Bass","Complex Cool Clear",14,478.246829906107,464.170096195027,492.739080309454
"Largemouth Bass","Complex Cool Clear",15,485.584044679753,471.829542075556,499.813878916322
"Largemouth Bass","Complex Cool Dark",1,121.373283990365,120.329822385446,123.345888458124
"Largemouth Bass","Complex Cool Dark",2,181.968979074024,177.09087517722,188.006831038645
"Largemouth Bass","Complex Cool Dark",3,234.22559776471,226.380789833188,243.370011970136
"Largemouth Bass","Complex Cool Dark",4,279.290749558311,269.182950245984,290.772380084955
"Largemouth Bass","Complex Cool Dark",5,318.154111885699,306.351303017333,331.358640937151
"Largemouth Bass","Complex Cool Dark",6,351.669164454639,338.627394560658,366.108899953166
"Largemouth Bass","Complex Cool Dark",7,380.571932548569,366.655165705686,395.862330703485
"Largemouth Bass","Complex Cool Dark",8,405.497150904503,390.993798972468,421.337439853203
"Largemouth Bass","Complex Cool Dark",9,426.99220314559,412.128874830971,443.149418163743
"Largemouth Bass","Complex Cool Dark",10,445.52914289268,430.482059524966,461.82499654982
"Largemouth Bass","Complex Cool Dark",11,461.515060550999,446.41951774215,477.815165946146
"Largemouth Bass","Complex Cool Dark",12,475.301023437276,460.259217971811,491.506068152089
"Largemouth Bass","Complex Cool Dark",13,487.189785581807,472.277276299351,503.228320654039
"Largemouth Bass","Complex Cool Dark",14,497.442436520678,482.713465202824,513.265000607814
"Largemouth Bass","Complex Cool Dark",15,506.284135092526,491.775997257555,521.858480783893
"Largemouth Bass","Complex Riverine",1,133.085974367965,130.814606813986,134.349939296414
"Largemouth Bass","Complex Riverine",2,198.618682447878,191.503801894567,205.322599352579
"Largemouth Bass","Complex Riverine",3,254.106963042696,243.390709787849,264.821316528553
"Largemouth Bass","Complex Riverine",4,301.090360701385,287.75200354288,314.701049693196
"Largemouth Bass","Complex Riverine",5,340.872448592582,325.679189099352,356.516871927104
"Largemouth Bass","Complex Riverine",6,374.556996663793,358.105461700383,391.572452183039
"Largemouth Bass","Complex Riverine",7,403.078596180263,385.828667083784,420.960699057777
"Largemouth Bass","Complex Riverine",8,427.228590333611,409.530932410011,445.597833803946
"Largemouth Bass","Complex Riverine",9,447.67703037534,429.795449944164,466.251954857442
"Largemouth Bass","Complex Riverine",10,464.991266456933,447.120826453118,483.566984421048
"Largemouth Bass","Complex Riverine",11,479.651688986837,461.93335138351,498.082743673742
"Largemouth Bass","Complex Riverine",12,492.065057254572,474.597485678086,510.25178247949
"Largemouth Bass","Complex Riverine",13,502.575785129986,485.424829306855,520.453488286115
"Largemouth Bass","Complex Riverine",14,511.475496963892,494.681788158408,529.00591407966
"Largemouth Bass","Complex Riverine",15,519.011118822379,502.596128934633,536.175694147872
"Largemouth Bass","Complex Two Story",1,116.323523792451,116.04633867162,115.864928002483
"Largemouth Bass","Complex Two Story",2,184.725585232138,179.915104812256,188.981385950231
"Largemouth Bass","Complex Two Story",3,241.390418807084,233.33832498209,248.999438352439
"Largemouth Bass","Complex Two Story",4,288.332035718841,278.02433703108,298.265591490334
"Largemouth Bass","Complex Two Story",5,327.21885950834,315.402085255437,338.705988135347
"Largemouth Bass","Complex Two Story",6,359.433026039462,346.666814378988,371.901713326808
"Largemouth Bass","Complex Two Story",7,386.119508096018,372.818290420343,399.150609539672
"Largemouth Bass","Complex Two Story",8,408.226810604274,394.69277065137,421.518018009797
"Largemouth Bass","Complex Two Story",9,426.540682891966,412.989744964443,439.878430033871
"Largemouth Bass","Complex Two Story",10,441.712046202557,428.294303768924,454.949676671318
"Largemouth Bass","Complex Two Story",11,454.28012907909,441.095847684986,467.320993551839
"Largemouth Bass","Complex Two Story",12,464.691632907565,451.803737322867,477.476058029252
"Largemouth Bass","Complex Two Story",13,473.316608811626,460.760383587477,485.811899357735
"Largemouth Bass","Complex Two Story",14,480.46161020347,468.252197102771,492.654421215495
"Largemouth Bass","Complex Two Story",15,486.380588465822,474.518746890466,498.271143454908
"Largemouth Bass","Complex Warm Clear",1,108.510683769009,108.140227079904,108.278742721223
"Largemouth Bass","Complex Warm Clear",2,168.186504061268,164.407447619021,171.266065113792
"Largemouth Bass","Complex Warm Clear",3,219.440140434505,213.060868832509,225.056270968114
"Largemouth Bass","Complex Warm Clear",4,263.460234814685,255.130752027317,270.992280564099
"Largemouth Bass","Complex Warm Clear",5,301.267673395801,291.507948694714,310.22092719388
"Largemouth Bass","Complex Warm Clear",6,333.73926238695,322.962764750438,343.721588873878
"Largemouth Bass","Complex Warm Clear",7,361.628062347517,350.161272160059,372.330639387124
"Largemouth Bass","Complex Warm Clear",8,385.580852691486,373.679413356646,396.762329097843
"Largemouth Bass","Complex Warm Clear",9,406.153131386637,394.015197119065,417.626616846381
"Largemouth Bass","Complex Warm Clear",10,423.821997712165,411.599244164922,435.444398113586
"Largemouth Bass","Complex Warm Clear",11,438.997216843478,426.803905766522,450.660509639281
"Largemouth Bass","Complex Warm Clear",12,452.030722867046,439.951148481255,463.654835166699
"Largemouth Bass","Complex Warm Clear",13,463.224780613194,451.319371959633,474.751789577645
"Largemouth Bass","Complex Warm Clear",14,472.838995590923,461.149304201587,484.228418198253
"Largemouth Bass","Complex Warm Clear",15,481.096334594717,469.649099096119,492.321313481694
"Largemouth Bass","Complex Warm Dark",1,134.145382187364,133.411182393395,135.07747040109
"Largemouth Bass","Complex Warm Dark",2,197.946962676893,194.645498769516,201.405391307361
"Largemouth Bass","Complex Warm Dark",3,251.815737790159,246.620670221116,257.133918370003
"Largemouth Bass","Complex Warm Dark",4,297.298073963319,290.73675752795,303.956865420617
"Largemouth Bass","Complex Warm Dark",5,335.699595056359,328.182120475459,343.297369935301
"Largemouth Bass","Complex Warm Dark",6,368.12266181891,359.965428830039,376.35114790013
"Largemouth Bass","Complex Warm Dark",7,395.498016449834,386.942832984951,404.122836423859
"Largemouth Bass","Complex Warm Dark",8,418.611500644809,409.841026175485,427.45652869588
"Largemouth Bass","Complex Warm Dark",9,438.126614104851,429.276819492742,447.061429369463
"Largemouth Bass","Complex Warm Dark",10,454.603561074236,445.773756990296,463.533410140458
"Largemouth Bass","Complex Warm Dark",11,468.515331661057,459.776218446632,477.3731206821
"Largemouth Bass","Complex Warm Dark",12,480.261279573615,471.661389671002,489.00120539998
"Largemouth Bass","Complex Warm Dark",13,490.178586037482,481.749422798113,498.771088505511
"Largemouth Bass","Complex Warm Dark",14,498.551938978465,490.312060260584,506.979715997616
"Largemouth Bass","Complex Warm Dark",15,505.621705323765,497.579954744067,513.87658104465
"Largemouth Bass","Simple Cool Clear",1,97.8232874318805,96.3193013743652,98.580459630723
"Largemouth Bass","Simple Cool Clear",2,166.472760556949,156.737434608403,175.815402973303
"Largemouth Bass","Simple Cool Clear",3,224.099490835151,208.27611838465,239.68991957362
"Largemouth Bass","Simple Cool Clear",4,272.473351425555,252.24033546992,292.515152484419
"Largemouth Bass","Simple Cool Clear",5,313.080034767174,289.743279711029,336.202453470839
"Largemouth Bass","Simple Cool Clear",6,347.166682222671,321.73454260612,372.332540596075
"Largemouth Bass","Simple Cool Clear",7,375.780187171609,349.024157390577,402.212692635747
"Largemouth Bass","Simple Cool Clear",8,399.7993479451,372.30310944465,426.924049760882
"Largemouth Bass","Simple Cool Clear",9,419.961858105682,392.160832355581,447.36073194895
"Largemouth Bass","Simple Cool Clear",10,436.8869630171,409.100132642441,464.262190526929
"Largemouth Bass","Simple Cool Clear",11,451.0944785487,423.549921044435,478.239963407789
"Largemouth Bass","Simple Cool Clear",12,463.020756030412,435.876072734678,489.799802093159
"Largemouth Bass","Simple Cool Clear",13,473.032083785391,446.390691444936,499.359971053607
"Largemouth Bass","Simple Cool Clear",14,481.435936837719,455.360012073176,507.266381604818
"Largemouth Bass","Simple Cool Clear",15,488.49042030421,463.01114187151,513.80510786195
"Largemouth Bass","Simple Cool Dark",1,115.360828706009,113.147093637748,117.148008138955
"Largemouth Bass","Simple Cool Dark",2,179.70419885552,171.128886298373,188.542773165505
"Largemouth Bass","Simple Cool Dark",3,234.514985806528,221.123683778594,248.613367311179
"Largemouth Bass","Simple Cool Dark",4,281.205458487831,264.231695111014,299.155956528644
"Largemouth Bass","Simple Cool Dark",5,320.978655708155,301.401575472491,341.681810669698
"Largemouth Bass","Simple Cool Dark",6,354.859383965596,333.451302736237,377.462491842265
"Largemouth Bass","Simple Cool Dark",7,383.720622877213,361.086178277699,407.567875285628
"Largemouth Bass","Simple Cool Dark",8,408.306018597874,384.91434816843,432.898139622987
"Largemouth Bass","Simple Cool Dark",9,429.249044799644,405.460186324628,454.210683029304
"Largemouth Bass","Simple Cool Dark",10,447.089324918439,423.175834126218,472.142770132565
"Largemouth Bass","Simple Cool Dark",11,462.286536231204,438.451150452767,487.230586811621
"Largemouth Bass","Simple Cool Dark",12,475.232254019655,451.622291101385,499.925272646567
"Largemouth Bass","Simple Cool Dark",13,486.260041000378,462.979106389339,510.606410406659
"Largemouth Bass","Simple Cool Dark",14,495.654041988157,472.771519736488,519.593375923835
"Largemouth Bass","Simple Cool Dark",15,503.656305244842,481.215027597634,527.154887723512
"Largemouth Bass","Simple Riverine",1,112.847140468332,110.540124204533,114.400596218155
"Largemouth Bass","Simple Riverine",2,180.535376596401,172.152045098315,189.033846697487
"Largemouth Bass","Simple Riverine",3,238.382781414177,225.343497793722,252.070418627521
"Largemouth Bass","Simple Riverine",4,287.820060852516,271.265303165209,305.312229417886
"Largemouth Bass","Simple Riverine",5,330.069918144531,310.911000015276,350.281210589375
"Largemouth Bass","Simple Riverine",6,366.177294227432,345.13834073092,388.262812596941
"Largemouth Bass","Simple Riverine",7,397.035211653782,374.68784914025,420.342749777634
"Largemouth Bass","Simple Riverine",8,423.406861194452,400.198842076782,447.438035787745
"Largemouth Bass","Simple Riverine",9,445.944477388281,422.223261285132,470.32319668549
"Largemouth Bass","Simple Riverine",10,465.205469876331,441.237614927579,489.652410967275
"Largemouth Bass","Simple Riverine",11,481.666209487572,457.653287051316,505.978209436447
"Largemouth Bass","Simple Riverine",12,495.733810039163,471.825438066351,519.767269445326
"Largemouth Bass","Simple Riverine",13,507.756197243683,484.060688799857,531.413754993185
"Largemouth Bass","Simple Riverine",14,518.030713751693,494.623754374939,541.250584010474
"Largemouth Bass","Simple Riverine",15,526.811473153094,503.743171440739,549.558944907653
"Largemouth Bass","Simple Two Story",1,120.734934581459,112.261679491541,131.313123297059
"Largemouth Bass","Simple Two Story",2,172.015270884933,152.610217753252,195.892417522663
"Largemouth Bass","Simple Two Story",3,216.906130939655,188.763002241191,251.214326913802
"Largemouth Bass","Simple Two Story",4,256.203636800905,221.156339956518,298.605889416634
"Largemouth Bass","Simple Two Story",5,290.604714548859,250.181167316338,339.203913258875
"Largemouth Bass","Simple Two Story",6,320.719454003296,276.187768138728,373.982246212061
"Largemouth Bass","Simple Two Story",7,347.081928430789,299.490001015103,403.775135829121
"Largemouth Bass","Simple Two Story",8,370.159666127697,320.369087087642,429.297241012515
"Largemouth Bass","Simple Two Story",9,390.361941853828,339.077003944247,451.16077494174
"Largemouth Bass","Simple Two Story",10,408.047035162142,355.839526590004,469.890190577303
"Largemouth Bass","Simple Two Story",11,423.528584348168,370.858952194855,485.934761010667
"Largemouth Bass","Simple Two Story",12,437.081148703975,384.316541500887,499.679356432127
"Largemouth Bass","Simple Two Story",13,448.945077721108,396.374706353166,511.453676229855
"Largemouth Bass","Simple Two Story",14,459.330773595946,407.178969754156,521.540157675699
"Largemouth Bass","Simple Two Story",15,468.422422631342,416.859722096494,530.180750907843
"Largemouth Bass","Simple Warm Clear",1,113.888470553718,113.381276465266,114.37731619552
"Largemouth Bass","Simple Warm Clear",2,172.8941168389,169.495837669929,176.625531570185
"Largemouth Bass","Simple Warm Clear",3,223.696192543459,218.06255398786,229.902130817475
"Largemouth Bass","Simple Warm Clear",4,267.435242250976,260.096669256152,275.50016138385
"Largemouth Bass","Simple Warm Clear",5,305.093240330471,296.476869120225,314.52630833969
"Largemouth Bass","Simple Warm Clear",6,337.515636995196,327.963649172623,347.927754132437
"Largemouth Bass","Simple Warm Clear",7,365.430339292054,355.215212434296,376.515167138088
"Largemouth Bass","Simple Warm Clear",8,389.46405315905,378.801228501012,400.982376953691
"Largemouth Bass","Simple Warm Clear",9,410.156353442175,399.214741977567,421.92321395921
"Largemouth Bass","Simple Warm Clear",10,427.971797754133,416.88247913499,439.845921852613
"Largemouth Bass","Simple Warm Clear",11,443.310356140091,432.173768242193,455.185492957036
"Largemouth Bass","Simple Warm Clear",12,456.516390704243,445.408260043642,468.314225683537
"Largemouth Bass","Simple Warm Clear",13,467.886386796525,456.862609772737,479.550760383924
"Largemouth Bass","Simple Warm Clear",14,477.675609330398,466.776260382432,489.167812897921
"Largemouth Bass","Simple Warm Clear",15,486.103833671014,475.356447886351,497.398793491413
"Largemouth Bass","Simple Warm Dark",1,119.753874167148,118.107947717206,120.582972583539
"Largemouth Bass","Simple Warm Dark",2,188.967933765314,182.424973757599,194.691870285135
"Largemouth Bass","Simple Warm Dark",3,246.073792280801,236.061907163537,255.232042972366
"Largemouth Bass","Simple Warm Dark",4,293.189639779469,280.792218906906,304.687811748709
"Largemouth Bass","Simple Warm Dark",5,332.063113416427,318.094888198536,345.088639111644
"Largemouth Bass","Simple Warm Dark",6,364.136121392057,349.203303991927,378.092409793912
"Largemouth Bass","Simple Warm Dark",7,390.598326704906,375.146046201843,405.053463572901
"Largemouth Bass","Simple Warm Dark",8,412.431274539155,396.780895042752,427.078171836435
"Largemouth Bass","Simple Warm Dark",9,430.444800074821,414.823192984181,445.070338539942
"Largemouth Bass","Simple Warm Dark",10,445.307067171665,429.869497092937,459.768288624609
"Largemouth Bass","Simple Warm Dark",11,457.569352131963,442.417303811798,471.775165853534
"Largemouth Bass","Simple Warm Dark",12,467.686491829949,452.881498361893,481.583683365162
"Largemouth Bass","Simple Warm Dark",13,476.033754676961,461.608072657752,489.596342605497
"Largemouth Bass","Simple Warm Dark",14,482.920760205902,468.885565309154,496.141950341386
"Largemouth Bass","Simple Warm Dark",15,488.602963585019,474.954601966109,501.489111545553
"Muskellunge","Complex Cool Clear",1,304.53293889105,304.513439333477,306.067123756939
"Muskellunge","Complex Cool Clear",2,452.271417915183,439.441090091205,467.713942721632
"Muskellunge","Complex Cool Clear",3,573.725875776705,551.834373830895,598.781537191171
"Muskellunge","Complex Cool Clear",4,673.572479260598,645.456771900157,705.054672846156
"Muskellunge","Complex Cool Clear",5,755.655462485771,723.443223835666,791.223793502197
"Muskellunge","Complex Cool Clear",6,823.135135304396,788.405100597144,861.092037333272
"Muskellunge","Complex Cool Clear",7,878.609559658799,842.517646143686,917.743091201214
"Muskellunge","Complex Cool Clear",8,924.21457860612,887.592815327576,963.6772914669
"Muskellunge","Complex Cool Clear",9,961.70604926832,925.139947077436,1000.92197819359
"Muskellunge","Complex Cool Clear",10,992.527445791326,956.416304508062,1031.12097330716
"Muskellunge","Complex Cool Clear",11,1017.86543512195,982.46917428904,1055.60713189836
"Muskellunge","Complex Cool Clear",12,1038.69556534788,1004.17093496658,1075.46116877272
"Muskellunge","Complex Cool Clear",13,1055.81982566574,1022.24826849891,1091.55935660159
"Muskellunge","Complex Cool Clear",14,1069.89752408881,1037.3064931515,1104.61220086763
"Muskellunge","Complex Cool Clear",15,1081.4706717292,1049.84983253739,1115.19579855235
"Muskellunge","Complex Cool Dark",1,313.305645932377,311.993861505222,313.193615593433
"Muskellunge","Complex Cool Dark",2,441.544996042401,435.019951074735,446.642867167015
"Muskellunge","Complex Cool Dark",3,552.288490623403,541.757002881469,561.42230450119
"Muskellunge","Complex Cool Dark",4,647.923111209754,634.36173630231,660.143871534376
"Muskellunge","Complex Cool Dark",5,730.510180448441,714.705314345602,745.05409608194
"Muskellunge","Complex Cool Dark",6,801.829792149907,784.411152204486,818.085212274556
"Muskellunge","Complex Cool Dark",7,863.419179691284,844.887719839936,880.899130866323
"Muskellunge","Complex Cool Dark",8,916.605849770193,897.357001399528,934.925258009812
"Muskellunge","Complex Cool Dark",9,962.536195678932,942.879186520465,981.39302310968
"Muskellunge","Complex Cool Dark",10,1002.20020683373,982.374092427099,1021.35985596523
"Muskellunge","Complex Cool Dark",11,1036.45280715191,1016.63974967598,1055.73524985539
"Muskellunge","Complex Cool Dark",12,1066.03228220748,1046.36852709029,1085.30145815051
"Muskellunge","Complex Cool Dark",13,1091.57619234672,1072.16112170274,1110.73129542726
"Muskellunge","Complex Cool Dark",14,1113.63511475748,1094.5386963864,1132.60344817227
"Muskellunge","Complex Cool Dark",15,1132.68451069065,1113.95341042531,1151.41564348814
"Muskellunge","Complex Riverine",1,330.439632602347,325.396072720714,334.82602991371
"Muskellunge","Complex Riverine",2,469.294995049993,453.303603714812,485.068298110822
"Muskellunge","Complex Riverine",3,586.883305600563,562.798061237482,611.091463141695
"Muskellunge","Complex Riverine",4,686.4618204984,656.530120131943,716.799652421441
"Muskellunge","Complex Riverine",5,770.788915452233,736.768874342637,805.467646738718
"Muskellunge","Complex Riverine",6,842.200494050773,805.456767825627,879.8423311394
"Muskellunge","Complex Riverine",7,902.674693484861,864.256617817587,942.227791894355
"Muskellunge","Complex Riverine",8,953.88667995772,914.591868816852,994.556695807959
"Muskellunge","Complex Riverine",9,997.255051644141,957.681051757036,1038.45016315855
"Muskellunge","Complex Riverine",10,1033.98113458428,994.567282571297,1075.26798910114
"Muskellunge","Complex Riverine",11,1065.08226002839,1026.14351425737,1106.15076936344
"Muskellunge","Complex Riverine",12,1091.41994503189,1053.174153753,1132.05523526582
"Muskellunge","Complex Riverine",13,1113.72375691776,1076.31356692955,1153.78389272438
"Muskellunge","Complex Riverine",14,1132.61152266382,1096.12191967834,1172.00988343697
"Muskellunge","Complex Riverine",15,1148.60644302559,1113.07873857549,1187.29783843783
"Muskellunge","Complex Two Story",1,298.147668698111,300.407063403819,297.340519019062
"Muskellunge","Complex Two Story",2,443.003556324553,439.413035295797,448.345294866411
"Muskellunge","Complex Two Story",3,564.768750186563,556.843843226659,574.588545379374
"Muskellunge","Complex Two Story",4,667.124012918366,656.048175699592,680.130626486729
"Muskellunge","Complex Two Story",5,753.163376685725,739.854970141425,768.366083346481
"Muskellunge","Complex Two Story",6,825.487670717278,810.654083643167,842.132828947507
"Muskellunge","Complex Two Story",7,886.283140117844,870.464442767588,903.803419776042
"Muskellunge","Complex Two Story",8,937.387532481807,920.991615802094,955.361364242113
"Muskellunge","Complex Two Story",9,980.34564999682,963.676449202743,998.46491817039
"Muskellunge","Complex Two Story",10,1016.45604628704,999.736155159317,1034.50041920691
"Muskellunge","Complex Two Story",11,1046.8102795651,1030.1990219455,1064.62687553378
"Muskellunge","Complex Two Story",12,1072.32590865134,1055.93373686388,1089.81324299665
"Muskellunge","Complex Two Story",13,1093.77422927611,1077.67415796668,1110.86958958758
"Muskellunge","Complex Two Story",14,1111.80358908802,1096.04024094938,1128.473149625
"Muskellunge","Complex Two Story",15,1126.95898614282,1111.55571797406,1143.19010561036
"Muskellunge","Complex Warm Dark",1,395.156074945476,405.280988443776,386.381679478942
"Muskellunge","Complex Warm Dark",2,536.495652331508,534.368222986656,541.073907667524
"Muskellunge","Complex Warm Dark",3,652.865007071668,641.930118445303,666.815578563118
"Muskellunge","Complex Warm Dark",4,748.675585913682,731.556032236288,769.024771518443
"Muskellunge","Complex Warm Dark",5,827.559472814482,806.236795238995,852.105575600115
"Muskellunge","Complex Warm Dark",6,892.50707763836,868.46451629379,919.637857259692
"Muskellunge","Complex Warm Dark",7,945.980499627101,920.315744267089,974.531513099436
"Muskellunge","Complex Warm Dark",8,990.006863138734,963.520762814558,1019.1518543259
"Muskellunge","Complex Warm Dark",9,1026.25516392013,999.521330219602,1055.4215255786
"Muskellunge","Complex Warm Dark",10,1056.09953907938,1029.51879109469,1084.90334971129
"Muskellunge","Complex Warm Dark",11,1080.6713592598,1054.51416544055,1108.86766822232
"Muskellunge","Complex Warm Dark",12,1100.90211777817,1075.34155284148,1128.34707896414
"Muskellunge","Complex Warm Dark",13,1117.55874261197,1092.69596650003,1144.18092972329
"Muskellunge","Complex Warm Dark",14,1131.27266987783,1107.1565259372,1157.05148485382
"Muskellunge","Complex Warm Dark",15,1142.56378094803,1119.20578230218,1167.51332334705
"Northern Pike","Complex Cool Clear",1,263.928806132725,228.799712877024,299.104815994735
"Northern Pike","Complex Cool Clear",2,354.462334640532,299.61125610541,413.591609326989
"Northern Pike","Complex Cool Clear",3,433.222737110922,362.876733170723,510.782996602663
"Northern Pike","Complex Cool Clear",4,501.741009838609,419.400294243137,593.291777621242
"Northern Pike","Complex Cool Clear",5,561.34905589133,469.900394843163,663.336039113902
"Northern Pike","Complex Cool Clear",6,613.205575514124,515.018927933206,722.798783654358
"Northern Pike","Complex Cool Clear",7,658.318589703698,555.329382843394,773.278550489419
"Northern Pike","Complex Cool Clear",8,697.565034780859,591.344134737552,816.132389130997
"Northern Pike","Complex Cool Clear",9,731.707808853149,623.520957273732,852.512340970295
"Northern Pike","Complex Cool Clear",10,761.41060152799,652.268841239933,883.396409650795
"Northern Pike","Complex Cool Clear",11,787.250795146018,677.953193124117,909.614852777801
"Northern Pike","Complex Cool Clear",12,809.730688317234,700.900479696102,931.872501765549
"Northern Pike","Complex Cool Clear",13,829.287259930409,721.402377637356,950.767709847203
"Northern Pike","Complex Cool Clear",14,846.300663434966,739.719480963496,966.80843762782
"Northern Pike","Complex Cool Clear",15,861.101616512747,756.084613363524,980.42590860882
"Northern Pike","Complex Cool Dark",1,287.055250120754,253.734763491425,326.170505215503
"Northern Pike","Complex Cool Dark",2,358.64111301425,312.721765735467,412.951558153155
"Northern Pike","Complex Cool Dark",3,424.600862245274,367.696834632744,492.009546879837
"Northern Pike","Complex Cool Dark",4,485.376668288045,418.93283723136,564.031784107112
"Northern Pike","Complex Cool Dark",5,541.375950323084,466.684081839905,629.644415275292
"Northern Pike","Complex Cool Dark",6,592.974107429103,511.187580278845,689.41786212375
"Northern Pike","Complex Cool Dark",7,640.517035123632,552.664224281341,743.871781811673
"Northern Pike","Complex Cool Dark",8,684.323444122367,591.31988188251,793.479584702755
"Northern Pike","Complex Cool Dark",9,724.686996861363,627.346419239024,838.672550090445
"Northern Pike","Complex Cool Dark",10,761.878276104562,660.922652950829,879.843575644979
"Northern Pike","Complex Cool Dark",11,796.14659883348,692.215237611783,917.350593179035
"Northern Pike","Complex Cool Dark",12,827.721687578727,721.379492994562,951.519680427944
"Northern Pike","Complex Cool Dark",13,856.815210397365,748.560174975532,982.647895897582
"Northern Pike","Complex Cool Dark",14,883.622199819557,773.892194026046,1011.00586142548
"Northern Pike","Complex Cool Dark",15,908.322360276617,797.501284836383,1036.84011490736
"Northern Pike","Complex Riverine",1,300.90310474553,223.206405736676,410.253082604122
"Northern Pike","Complex Riverine",2,376.438265558267,276.041871670487,519.73815864476
"Northern Pike","Complex Riverine",3,448.502287530535,326.97373088451,622.989942847074
"Northern Pike","Complex Riverine",4,517.254683195574,376.070568343021,720.363313963007
"Northern Pike","Complex Riverine",5,582.847634855988,423.398497965581,812.192946503814
"Northern Pike","Complex Riverine",6,645.426331436786,469.021251656201,898.794461024038
"Northern Pike","Complex Riverine",7,705.129289858689,513.000265124873,980.4655089166
"Northern Pike","Complex Riverine",8,762.088661643067,555.39476061705,1057.48679544747
"Northern Pike","Complex Riverine",9,816.430525427169,596.261826662459,1130.12304454609
"Northern Pike","Complex Riverine",10,868.275166037125,635.656494950658,1198.62390866763
"Northern Pike","Complex Riverine",11,917.737340736438,673.631814436839,1263.22482685418
"Northern Pike","Complex Riverine",12,964.926533239307,710.238922777676,1324.14783394415
"Northern Pike","Complex Riverine",13,1009.94719605104,745.527115193423,1381.60232371109
"Northern Pike","Complex Riverine",14,1052.89898167197,779.543910848972,1435.78576855491
"Northern Pike","Complex Riverine",15,1093.87696317662,812.335116843275,1486.88439821907
"Northern Pike","Complex Two Story",1,287.137836598187,233.574317120827,354.143088631648
"Northern Pike","Complex Two Story",2,365.250992864414,293.068430901652,457.493660971637
"Northern Pike","Complex Two Story",3,437.96417465891,349.204648802633,552.446262042405
"Northern Pike","Complex Two Story",4,505.65068304502,402.172493181923,639.683286917746
"Northern Pike","Complex Two Story",5,568.65801272633,452.150789602559,719.831681203743
"Northern Pike","Complex Two Story",6,627.30963604428,499.308270568229,793.467446703574
"Northern Pike","Complex Two Story",7,681.906663647738,543.804145183702,861.119780964918
"Northern Pike","Complex Two Story",8,732.729390360239,585.78863666316,923.274880459592
"Northern Pike","Complex Two Story",9,780.038734181183,625.403489501128,980.379434727726
"Northern Pike","Complex Two Story",10,824.077575808659,662.78244801827,1032.84383659779
"Northern Pike","Complex Two Story",11,865.072005560849,698.051707897661,1081.04513155334
"Northern Pike","Complex Two Story",12,903.232484097568,731.330342236004,1125.32972744268
"Northern Pike","Complex Two Story",13,938.754922900941,762.730703548159,1166.01588400529
"Northern Pike","Complex Two Story",14,971.821690062292,792.358803082214,1203.39600010648
"Northern Pike","Complex Two Story",15,1002.60254653882,820.314668725711,1237.73871511786
"Northern Pike","Complex Warm Clear",1,285.356755658034,197.100950511346,413.0269942232
"Northern Pike","Complex Warm Clear",2,362.858915473762,245.461216320176,536.55378281667
"Northern Pike","Complex Warm Clear",3,435.244022962309,291.620786572214,649.548451548396
"Northern Pike","Complex Warm Clear",4,502.849929669768,335.679806724741,752.908988215562
"Northern Pike","Complex Warm Clear",5,565.992180614974,377.733864988317,847.45681653381
"Northern Pike","Complex Warm Clear",6,624.965487069977,417.8741997101,933.94332413083
"Northern Pike","Complex Warm Clear",7,680.045102100709,456.187897319929,1013.05583395128
"Northern Pike","Complex Warm Clear",8,731.488105288064,492.758081268614,1085.42306652879
"Northern Pike","Complex Warm Clear",9,779.534602625739,527.664092368352,1151.62013653471
"Northern Pike","Complex Warm Clear",10,824.408847195244,560.981660926517,1212.1731233119
"Northern Pike","Complex Warm Clear",11,866.320285848749,592.783071046287,1267.56325171654
"Northern Pike","Complex Warm Clear",12,905.464536785069,623.137317450561,1318.23071649366
"Northern Pike","Complex Warm Clear",13,942.024302581548,652.1102551694,1364.57818057944
"Northern Pike","Complex Warm Clear",14,976.170222943333,679.764742415756,1406.97397513185
"Northern Pike","Complex Warm Clear",15,1008.0616711502,706.160776959454,1445.75502672086
"Northern Pike","Complex Warm Dark",1,304.290662917116,284.174371760677,325.728680541665
"Northern Pike","Complex Warm Dark",2,395.970695174833,364.620621924348,429.98608503247
"Northern Pike","Complex Warm Dark",3,477.808517537501,437.210841965789,521.975028805518
"Northern Pike","Complex Warm Dark",4,550.86072971645,502.712217541956,603.139199521346
"Northern Pike","Complex Warm Dark",5,616.070501313116,561.817014302741,674.752399301538
"Northern Pike","Complex Warm Dark",6,674.279748984807,615.149894252285,737.938535961684
"Northern Pike","Complex Warm Dark",7,726.240006344112,663.274517626334,793.689261781631
"Northern Pike","Complex Warm Dark",8,772.622126932113,706.69950005903,842.879536638416
"Northern Pike","Complex Warm Dark",9,814.02494553949,745.883787998764,886.281359751907
"Northern Pike","Complex Warm Dark",10,850.983009700938,781.241509184344,924.575885551144
"Northern Pike","Complex Warm Dark",11,883.973481183434,813.146349444807,958.364113809523
"Northern Pike","Complex Warm Dark",12,913.422296572763,841.93550208004,988.17632182133
"Northern Pike","Complex Warm Dark",13,939.709666496982,867.913231562103,1014.48038664955
"Northern Pike","Complex Warm Dark",14,963.174984486754,891.354089221016,1037.68912805554
"Northern Pike","Complex Warm Dark",15,984.121208850335,912.505814900694,1058.16678735144
"Northern Pike","Simple Riverine",1,305.289284127519,256.748223254962,364.850090994096
"Northern Pike","Simple Riverine",2,396.348550941776,325.95877816331,484.211357794078
"Northern Pike","Simple Riverine",3,478.106905435434,389.425589272696,588.973564066078
"Northern Pike","Simple Riverine",4,551.514354928144,447.625326548732,680.922318944564
"Northern Pike","Simple Riverine",5,617.423871752419,500.995101393126,761.624833950337
"Northern Pike","Simple Riverine",6,676.601304533825,549.935749585952,832.456635173355
"Northern Pike","Simple Riverine",7,729.734277120085,594.814841778439,894.625008292065
"Northern Pike","Simple Riverine",8,777.440178561948,635.969444146724,949.189576035561
"Northern Pike","Simple Riverine",9,820.273336986993,673.708649940532,997.080358819104
"Northern Pike","Simple Riverine",10,858.731460724593,708.315900940119,1039.11362638575
"Northern Pike","Simple Riverine",11,893.261421525984,740.051116256837,1076.00581063579
"Northern Pike","Simple Riverine",12,924.264447078681,769.152644465779,1108.38571677991
"Northern Pike","Simple Riverine",13,952.100783150701,795.839053732072,1136.80524094786
"Northern Pike","Simple Riverine",14,977.093879537289,820.310773375622,1161.74877692778
"Northern Pike","Simple Riverine",15,999.534148449591,842.751599203356,1183.64147236859
"Northern Pike","Simple Warm Clear",1,289.272765253244,197.660008794376,430.331193491815
"Northern Pike","Simple Warm Clear",2,365.533905827173,242.246568786023,563.120981816794
"Northern Pike","Simple Warm Clear",3,434.660779890787,284.125725294934,678.568263825834
"Northern Pike","Simple Warm Clear",4,497.320801519685,323.461878391885,778.937991734857
"Northern Pike","Simple Warm Clear",5,554.118947880545,360.409445378761,866.199312271987
"Northern Pike","Simple Warm Clear",6,605.603600234095,395.113466966358,942.06419923059
"Northern Pike","Simple Warm Clear",7,652.271838509428,427.710176643621,1008.02104056435
"Northern Pike","Simple Warm Clear",8,694.574240568342,458.327535473398,1065.36383896725
"Northern Pike","Simple Warm Clear",9,732.919232496178,487.085734414109,1115.21759882269
"Northern Pike","Simple Warm Clear",10,767.677031920857,514.097666139231,1158.56039758637
"Northern Pike","Simple Warm Clear",11,799.183222432509,539.469368206767,1196.24257462009
"Northern Pike","Simple Warm Clear",12,827.741993614432,563.300439318395,1229.00341394066
"Northern Pike","Simple Warm Clear",13,853.629077967576,585.684430302355,1257.48564818172
"Northern Pike","Simple Warm Clear",14,877.094413084342,606.709211354918,1282.24806832076
"Northern Pike","Simple Warm Clear",15,898.364554774717,626.457316982058,1303.77648656043
"Northern Pike","Simple Warm Dark",1,302.974021176835,280.384412740846,317.560906526681
"Northern Pike","Simple Warm Dark",2,416.011597201018,356.235880854805,482.625311711897
"Northern Pike","Simple Warm Dark",3,505.508992282604,420.731384800109,604.202272113139
"Northern Pike","Simple Warm Dark",4,576.368471122417,475.571062034956,693.748878383702
"Northern Pike","Simple Warm Dark",5,632.471397211748,522.200517039644,759.703765461905
"Northern Pike","Simple Warm Dark",6,676.890836464194,561.848928256997,808.282347171133
"Northern Pike","Simple Warm Dark",7,712.059885942291,595.561449921733,844.062540351996
"Northern Pike","Simple Warm Dark",8,739.904947969379,624.22676290905,870.416175617076
"Northern Pike","Simple Warm Dark",9,761.951249783002,648.600500858187,889.826749734834
"Northern Pike","Simple Warm Dark",10,779.406388621786,669.325169096626,904.123463785523
"Northern Pike","Simple Warm Dark",11,793.226478469824,686.947081438905,914.653602224869
"Northern Pike","Simple Warm Dark",12,804.168521679669,701.93076132349,922.409497401805
"Northern Pike","Simple Warm Dark",13,812.831874155857,714.671186909709,928.122044330045
"Northern Pike","Simple Warm Dark",14,819.691075375162,725.50420292235,932.329578297805
"Northern Pike","Simple Warm Dark",15,825.121841524437,734.715373705929,935.428606159149
"Northern Pike","Complex Cool Dark",1,62.9344051925192,60.2683703877313,64.7753659089619
"Northern Pike","Complex Cool Dark",2,94.047633525364,85.3659281335926,103.445317640377
"Northern Pike","Complex Cool Dark",3,119.228511402514,106.378387216144,133.626627120461
"Northern Pike","Complex Cool Dark",4,139.60815840927,123.970674129746,157.182680364578
"Northern Pike","Complex Cool Dark",5,156.102023879181,138.699486099568,175.567821831213
"Northern Pike","Complex Cool Dark",6,169.451008680013,151.03090742687,189.91714526181
"Northern Pike","Complex Cool Dark",7,180.254746320406,161.355158443379,201.116574066291
"Northern Pike","Complex Cool Dark",8,188.998538357323,169.998943796485,209.857557998619
"Northern Pike","Complex Cool Dark",9,196.075154036975,177.235790819197,216.6797630806
"Northern Pike","Complex Cool Dark",10,201.802473404369,183.294705136328,222.004390438451
"Northern Pike","Complex Cool Dark",11,206.437766406141,188.367417408278,226.160181148241
"Northern Pike","Complex Cool Dark",12,210.189249400891,192.614450531231,229.403712622441
"Northern Pike","Complex Cool Dark",13,213.225438192952,196.170199286625,231.935239631089
"Northern Pike","Complex Cool Dark",14,215.682717725855,199.147183182314,233.911057978003
"Northern Pike","Complex Cool Dark",15,217.671468464484,201.639607063993,235.453154162111
"Northern Pike","Complex Riverine",1,68.1764493095541,59.4368839960144,77.4705648372696
"Northern Pike","Complex Riverine",2,95.7552364731735,79.5586738003743,115.270927157764
"Northern Pike","Complex Riverine",3,119.349356702967,97.4055180124565,146.395491441721
"Northern Pike","Complex Riverine",4,139.534526780074,113.234619271695,172.023248489461
"Northern Pike","Complex Riverine",5,156.80328217648,127.274101193413,193.124971402142
"Northern Pike","Complex Riverine",6,171.576995343213,139.726296008655,210.499988226832
"Northern Pike","Complex Riverine",7,184.216157559753,150.770660507382,224.80646030532
"Northern Pike","Complex Riverine",8,195.029175230605,160.566362308596,236.586313263029
"Northern Pike","Complex Riverine",9,204.279895266239,169.254573729849,246.285765017728
"Northern Pike","Complex Riverine",10,212.194043174122,176.960506314591,254.272228403942
"Northern Pike","Complex Riverine",11,218.964730954812,183.795215338283,260.848228680292
"Northern Pike","Complex Riverine",12,224.757169200492,189.857200299199,266.262863111497
"Northern Pike","Complex Riverine",13,229.712698375194,195.233824459641,270.72123671118
"Northern Pike","Complex Riverine",14,233.952237643418,200.002573895515,274.392231569079
"Northern Pike","Complex Riverine",15,237.579235401513,204.232174199264,277.41490406285
"Northern Pike","Complex Warm Clear",1,22.2423529731183,35.4451163035326,-5.25243663960682
"Northern Pike","Complex Warm Clear",2,72.3059364288485,65.8970243778217,77.127229972579
"Northern Pike","Complex Warm Clear",3,110.008698590464,90.951043877581,133.538973198086
"Northern Pike","Complex Warm Clear",4,138.402556490634,111.564001580034,172.168466428759
"Northern Pike","Complex Warm Clear",5,159.785901376592,128.523117671056,198.6210747322
"Northern Pike","Complex Warm Clear",6,175.889646070935,142.476070116813,216.735226058928
"Northern Pike","Complex Warm Clear",7,188.017336783669,153.955729841334,229.139389554781
"Northern Pike","Complex Warm Clear",8,197.150670974901,163.400511360019,237.633481784474
"Northern Pike","Complex Warm Clear",9,204.028962598972,171.171116070989,243.450045136824
"Northern Pike","Complex Warm Clear",10,209.208987185305,177.564307639761,247.433096923526
"Northern Pike","Complex Warm Clear",11,213.110051022306,182.824245566769,250.160601220225
"Northern Pike","Complex Warm Clear",12,216.047932649453,187.151809772903,252.02833482925
"Northern Pike","Complex Warm Clear",13,218.260444111906,190.712272314115,253.307316805009
"Northern Pike","Complex Warm Clear",14,219.926681078792,193.641609212088,254.183134901556
"Northern Pike","Complex Warm Clear",15,221.181520060164,196.05169345325,254.782875439562
"Northern Pike","Complex Warm Dark",1,66.7171098675928,53.3862080851312,82.241731402089
"Northern Pike","Complex Warm Dark",2,98.9066557335956,74.8799076079769,130.628820872815
"Northern Pike","Complex Warm Dark",3,125.990740199682,93.9056566938703,169.223372604721
"Northern Pike","Complex Warm Dark",4,148.779121074009,110.746830447817,200.007192001172
"Northern Pike","Complex Warm Dark",5,167.953123559626,125.654266267042,224.561008384791
"Northern Pike","Complex Warm Dark",6,184.086010461329,138.849999886988,244.145644431286
"Northern Pike","Complex Warm Dark",7,197.660121551509,150.530572446893,259.766758602748
"Northern Pike","Complex Warm Dark",8,209.081294526389,160.869957831345,272.226485062742
"Northern Pike","Complex Warm Dark",9,218.690998709266,170.022153888512,282.164622749584
"Northern Pike","Complex Warm Dark",10,226.776544273238,178.123476119406,290.091488640241
"Northern Pike","Complex Warm Dark",11,233.579672217963,185.294588001058,296.414122198804
"Northern Pike","Complex Warm Dark",12,239.303781922882,191.642298183857,301.457186591125
"Northern Pike","Complex Warm Dark",13,244.120012365726,197.261151331011,305.479639929521
"Northern Pike","Complex Warm Dark",14,248.172358822093,202.234836294578,308.688032605253
"Northern Pike","Complex Warm Dark",15,251.581978024766,206.637432601861,311.247113518246
"Northern Pike","Simple Cool Dark",1,56.6055626403194,51.0257387526334,42.2796974055866
"Northern Pike","Simple Cool Dark",2,91.4765975140847,69.2311662286016,113.384384546814
"Northern Pike","Simple Cool Dark",3,119.557042393098,85.3085518949041,164.081263107953
"Northern Pike","Simple Cool Dark",4,142.169258734189,99.5066436565082,200.227593247033
"Northern Pike","Simple Cool Dark",5,160.378098731537,112.045113147443,225.999538573957
"Northern Pike","Simple Cool Dark",6,175.041051227994,123.117954471111,244.374658907843
"Northern Pike","Simple Cool Dark",7,186.848622492536,132.896485660086,257.475922433032
"Northern Pike","Simple Cool Dark",8,196.356853471321,141.531999293734,266.816982673052
"Northern Pike","Simple Cool Dark",9,204.013504811416,149.158103283768,273.477058339794
"Northern Pike","Simple Cool Dark",10,210.179142759692,155.892788044176,278.225620788485
"Northern Pike","Simple Cool Dark",11,215.144118911884,161.840252028583,281.611294834461
"Northern Pike","Simple Cool Dark",12,219.142243420433,167.092513879615,284.025244081091
"Northern Pike","Simple Cool Dark",13,222.361795558422,171.730836133289,285.746363978097
"Northern Pike","Simple Cool Dark",14,224.954390147978,175.826982505867,286.973503986946
"Northern Pike","Simple Cool Dark",15,227.042117390062,179.444328215793,287.848441638842
"Northern Pike","Simple Warm Clear",1,49.7844680938522,37.4975769160467,55.8209985281061
"Northern Pike","Simple Warm Clear",2,80.0333105557577,52.1797189392648,121.83591301063
"Northern Pike","Simple Warm Clear",3,106.206072826753,65.7090119171102,174.057582575181
"Northern Pike","Simple Warm Clear",4,128.852013270811,78.1759781261905,215.36798634509
"Northern Pike","Simple Warm Clear",5,148.446376803627,89.6640319892314,248.046938853942
"Northern Pike","Simple Warm Clear",6,165.400368323855,100.250038187275,273.897907123919
"Northern Pike","Simple Warm Clear",7,180.069782208443,110.004825948635,294.347539354765
"Northern Pike","Simple Warm Clear",8,192.762468969587,118.993662955621,310.52439795478
"Northern Pike","Simple Warm Clear",9,203.744795767645,127.276692039885,323.321241986533
"Northern Pike","Simple Warm Clear",10,213.247236359543,134.909333588224,333.44429623471
"Northern Pike","Simple Warm Clear",11,221.469207792639,141.942656351282,341.452225928723
"Northern Pike","Simple Warm Clear",12,228.583255346305,148.423719136173,347.786968034426
"Northern Pike","Simple Warm Clear",13,234.738673545898,154.395885669227,352.798120614322
"Northern Pike","Simple Warm Clear",14,240.064639239276,159.899114735557,356.762236242074
"Northern Pike","Simple Warm Clear",15,244.672922486208,164.97022753673,359.898084225076
"Rock Bass","Complex Cool Dark",1,68.1678300999288,64.6130971120658,71.3876772444152
"Rock Bass","Complex Cool Dark",2,101.792106226196,91.8910178488177,112.628572234495
"Rock Bass","Complex Cool Dark",3,130.973706494046,116.069344422383,147.679261864855
"Rock Bass","Complex Cool Dark",4,156.29962848549,137.500284175439,177.468888008015
"Rock Bass","Complex Cool Dark",5,178.279311533349,156.496023078282,202.787129535012
"Rock Bass","Complex Cool Dark",6,197.35488426265,173.333273363284,224.305135532765
"Rock Bass","Complex Cool Dark",7,213.910058154762,188.25730441097,242.59331647241
"Rock Bass","Complex Cool Dark",8,228.2778460313,201.485515605925,258.136464946116
"Rock Bass","Complex Cool Dark",9,240.74726071764,213.210603208544,271.346606800737
"Rock Bass","Complex Cool Dark",10,251.569128631893,223.603367374686,282.573923332803
"Rock Bass","Complex Cool Dark",11,260.96113524162,232.815200213267,292.116034076081
"Rock Bass","Complex Cool Dark",12,269.112203879317,240.980291125502,300.225886254644
"Rock Bass","Complex Cool Dark",13,276.186295997994,248.21758155112,307.118460039167
"Rock Bass","Complex Cool Dark",14,282.325709310269,254.632497596483,312.976467352873
"Rock Bass","Complex Cool Dark",15,287.653940154114,260.318485783912,317.955195294022
"Rock Bass","Complex Two Story",1,19.5702164923242,38.6116170758906,-69.8974788798628
"Rock Bass","Complex Two Story",2,81.311298095842,68.7641198188254,83.0271093150845
"Rock Bass","Complex Two Story",3,125.052723971148,93.464116850134,169.506595620025
"Rock Bass","Complex Two Story",4,156.042014860019,113.697589956761,218.411102343513
"Rock Bass","Complex Two Story",5,177.996858136795,130.272224902573,246.066802903925
"Rock Bass","Complex Two Story",6,193.551107023493,143.84965286757,261.706215807354
"Rock Bass","Complex Two Story",7,204.570755644045,154.971861637017,270.550368405465
"Rock Bass","Complex Two Story",8,212.37779644717,164.082830830157,275.551773231955
"Rock Bass","Complex Two Story",9,217.908815466053,171.546254809966,278.380088320477
"Rock Bass","Complex Two Story",10,221.827351587318,177.660060742308,279.979512185867
"Rock Bass","Complex Two Story",11,224.603499216034,182.668301340651,280.883992988434
"Rock Bass","Complex Two Story",12,226.570304017094,186.770897034474,281.395480618396
"Rock Bass","Complex Two Story",13,227.963717351982,190.131616452097,281.684728985925
"Rock Bass","Complex Two Story",14,228.950902618562,192.884613785222,281.848300132551
"Rock Bass","Complex Two Story",15,229.65028931607,195.139783995639,281.940800291627
"Smallmouth Bass","Complex Cool Clear",1,106.323727186684,102.980745618222,106.395651565205
"Smallmouth Bass","Complex Cool Clear",2,179.045482703362,167.708004359312,187.829944663892
"Smallmouth Bass","Complex Cool Clear",3,239.375006453801,222.323333974907,254.421879285079
"Smallmouth Bass","Complex Cool Clear",4,289.42401049799,268.406457021279,308.876649970183
"Smallmouth Bass","Complex Cool Clear",5,330.944358249733,307.290306018517,353.406397712693
"Smallmouth Bass","Complex Cool Clear",6,365.389384886099,340.099577892703,389.820074771002
"Smallmouth Bass","Complex Cool Clear",7,393.964768384186,367.783265302112,419.596930561293
"Smallmouth Bass","Complex Cool Clear",8,417.670731822188,391.142105800639,443.946603881458
"Smallmouth Bass","Complex Cool Clear",9,437.337054150338,410.8517427925,463.858262619856
"Smallmouth Bass","Complex Cool Clear",10,453.652114912422,427.482268197879,480.14078717373
"Smallmouth Bass","Complex Cool Clear",11,467.186989569157,441.514712091856,493.455629966625
"Smallmouth Bass","Complex Cool Clear",12,478.415438831158,453.35495627163,504.343685931957
"Smallmouth Bass","Complex Cool Clear",13,487.730491687344,463.345474195371,513.247265534676
"Smallmouth Bass","Complex Cool Clear",14,495.458202583914,471.775236864885,520.528062951069
"Smallmouth Bass","Complex Cool Clear",15,501.869064295911,478.888071175053,526.481849336309
"Smallmouth Bass","Complex Cool Dark",1,106.100248525235,107.71408331833,105.275028005822
"Smallmouth Bass","Complex Cool Dark",2,186.626742079164,182.646058178236,192.049409742164
"Smallmouth Bass","Complex Cool Dark",3,251.961798940824,244.06572350652,261.600318032682
"Smallmouth Bass","Complex Cool Dark",4,304.97130508873,294.409722795092,317.346365970356
"Smallmouth Bass","Complex Cool Dark",5,347.980493065635,335.675305256686,362.027620853307
"Smallmouth Bass","Complex Cool Dark",6,382.875937012452,369.499560777862,397.840285818317
"Smallmouth Bass","Complex Cool Dark",7,411.188306195041,397.224366616399,426.54464909674
"Smallmouth Bass","Complex Cool Dark",8,434.159506961332,419.949622411115,449.551606887361
"Smallmouth Bass","Complex Cool Dark",9,452.797158273457,438.576885445629,467.992012676726
"Smallmouth Bass","Complex Cool Dark",10,467.918790353835,453.845137266041,482.772261711435
"Smallmouth Bass","Complex Cool Dark",11,480.187705194278,466.360100587253,494.618842747846
"Smallmouth Bass","Complex Cool Dark",12,490.142071929424,476.618269549457,504.114046916781
"Smallmouth Bass","Complex Cool Dark",13,498.218533326902,485.026606654112,511.72458888941
"Smallmouth Bass","Complex Cool Dark",14,504.771358879797,491.918687797052,517.824547151144
"Smallmouth Bass","Complex Cool Dark",15,510.087984641184,497.56793590517,522.713750959325
"Smallmouth Bass","Complex Riverine",1,134.97772420508,132.515739892761,137.722379693631
"Smallmouth Bass","Complex Riverine",2,201.786184371663,193.729930074213,210.347317517215
"Smallmouth Bass","Complex Riverine",3,257.770719082903,245.628524910064,270.509509270192
"Smallmouth Bass","Complex Riverine",4,304.684958971368,289.629174725928,320.34761481617
"Smallmouth Bass","Complex Riverine",5,343.998421442112,326.933791360384,361.63329095328
"Smallmouth Bass","Complex Riverine",6,376.942541076429,358.561379318003,395.834170690288
"Smallmouth Bass","Complex Riverine",7,404.54924245227,385.375870666859,424.166035012934
"Smallmouth Bass","Complex Riverine",8,427.683263616429,408.109724012277,447.636031754808
"Smallmouth Bass","Complex Riverine",9,447.069242692223,427.383932171107,467.078477927449
"Smallmouth Bass","Complex Riverine",10,463.314416069577,443.724985071617,483.184518219375
"Smallmouth Bass","Complex Riverine",11,476.92763916388,457.579251233774,496.526693971426
"Smallmouth Bass","Complex Riverine",12,488.335325540045,469.325170671187,507.579296012156
"Smallmouth Bass","Complex Riverine",13,497.894803670642,479.283592273268,516.735224860715
"Smallmouth Bass","Complex Riverine",14,505.90550970831,487.726538041219,524.319957647704
"Smallmouth Bass","Complex Riverine",15,512.618366869052,494.884633579738,530.603118253423
"Smallmouth Bass","Complex Two Story",1,120.120339125538,120.258332070376,119.23046152801
"Smallmouth Bass","Complex Two Story",2,197.202262331973,193.119500149407,200.987747469696
"Smallmouth Bass","Complex Two Story",3,259.89586283071,252.88161541929,266.874884647577
"Smallmouth Bass","Complex Two Story",4,310.886904309642,301.899638540422,319.972474611527
"Smallmouth Bass","Complex Two Story",5,352.359818457533,342.105153018167,362.763134226438
"Smallmouth Bass","Complex Two Story",6,386.09128496678,375.082480366223,397.247572249376
"Smallmouth Bass","Complex Two Story",7,413.52634363681,402.1311112107,425.038133938766
"Smallmouth Bass","Complex Two Story",8,435.840299183974,424.316912468604,447.434187442611
"Smallmouth Bass","Complex Two Story",9,453.98907073024,442.514128449158,465.482876711767
"Smallmouth Bass","Complex Two Story",10,468.750142918557,457.439830955618,480.028081485395
"Smallmouth Bass","Complex Two Story",11,480.755872980961,469.682175913738,491.749873508726
"Smallmouth Bass","Complex Two Story",12,490.520580618213,479.723579995638,501.19631378761
"Smallmouth Bass","Complex Two Story",13,498.462581208383,487.959730527333,508.809077583871
"Smallmouth Bass","Complex Two Story",14,504.922106236414,494.715177776289,514.944105266968
"Smallmouth Bass","Complex Two Story",15,510.175878647288,500.256124042121,519.888244567711
"Smallmouth Bass","Complex Warm Dark",1,119.912006263303,122.003743396437,119.705890053891
"Smallmouth Bass","Complex Warm Dark",2,202.36167090533,188.548018412891,222.088656376815
"Smallmouth Bass","Complex Warm Dark",3,267.475684040771,242.988942815205,299.754515696192
"Smallmouth Bass","Complex Warm Dark",4,318.898994554047,287.527924553991,358.670541512409
"Smallmouth Bass","Complex Warm Dark",5,359.51017388106,323.965970309208,403.363256283046
"Smallmouth Bass","Complex Warm Dark",6,391.582552533245,353.776512145261,437.266404465515
"Smallmouth Bass","Complex Warm Dark",7,416.91147647624,378.164988149957,462.984767348176
"Smallmouth Bass","Complex Warm Dark",8,436.914806914167,398.117586298047,482.494288582144
"Smallmouth Bass","Complex Warm Dark",9,452.712289251334,414.441122577334,497.293886072669
"Smallmouth Bass","Complex Warm Dark",10,465.188234142986,427.795665914674,508.520613948502
"Smallmouth Bass","Complex Warm Dark",11,475.04101939177,438.721229144205,517.037022511553
"Smallmouth Bass","Complex Warm Dark",12,482.822183704511,447.659605310818,523.497428037988
"Smallmouth Bass","Complex Warm Dark",13,488.967300697632,454.972232295569,528.398183944305
"Smallmouth Bass","Complex Warm Dark",14,493.820361414691,460.954808148424,532.115815655663
"Smallmouth Bass","Complex Warm Dark",15,497.653030239357,465.849248123251,534.935949081096
"Walleye","Complex Cool Clear",1,198.499130595056,195.612800168944,201.012233668006
"Walleye","Complex Cool Clear",2,259.400623615878,253.696400110402,264.802817586172
"Walleye","Complex Cool Clear",3,313.213785684212,305.259661743854,320.92240862634
"Walleye","Complex Cool Clear",4,360.763628358886,351.034544033512,370.293464745782
"Walleye","Complex Cool Clear",5,402.77914001968,391.670837825927,413.727515799439
"Walleye","Complex Cool Clear",6,439.904462014877,427.745389863748,451.938502948828
"Walleye","Complex Cool Clear",7,472.708764015875,459.770291331814,485.554513970388
"Walleye","Complex Cool Clear",8,501.69496997826,488.200147174905,515.128107360783
"Walleye","Complex Cool Clear",9,527.307468487397,513.438529377733,541.145394940189
"Walleye","Complex Cool Clear",10,549.938925696104,535.843705813785,564.034032247599
"Walleye","Complex Cool Clear",11,569.936305303832,555.733725986093,584.170248069143
"Walleye","Complex Cool Clear",12,587.606187869844,573.390935853819,601.885028646341
"Walleye","Complex Cool Clear",13,603.219471010999,589.065985834261,617.469558216316
"Walleye","Complex Cool Clear",14,617.015522543046,602.981388875284,631.18000531212
"Walleye","Complex Cool Clear",15,629.205850237365,615.334679106303,643.241733497292
"Walleye","Complex Cool Dark",1,193.906001135472,192.070731358571,196.283577112019
"Walleye","Complex Cool Dark",2,254.923085331414,250.729696678937,259.66465599463
"Walleye","Complex Cool Dark",3,309.291331959237,303.175059987223,315.94716159759
"Walleye","Complex Cool Dark",4,357.735243698637,350.06501308333,365.926122082218
"Walleye","Complex Cool Dark",5,400.900376476963,391.988027105194,410.307523804901
"Walleye","Complex Cool Dark",6,439.36194204569,429.470237869517,449.718283848138
"Walleye","Complex Cool Dark",7,473.632473161495,462.982048901242,484.715105645044
"Walleye","Complex Cool Dark",8,504.168653516939,492.944035020135,515.792342788929
"Walleye","Complex Cool Dark",9,531.377403435323,519.732220574741,543.388982109548
"Walleye","Complex Cool Dark",10,555.621302426745,543.682798565815,567.894844656671
"Walleye","Complex Cool Dark",11,577.223420865457,565.096349884442,589.656092184003
"Walleye","Complex Cool Dark",12,596.471625174726,584.241615616502,608.980116916255
"Walleye","Complex Cool Dark",13,613.622413889383,601.358869756048,626.139883670606
"Walleye","Complex Cool Dark",14,628.904335714847,616.662934655349,641.377785667919
"Walleye","Complex Cool Dark",15,642.521035131126,630.34587705561,654.909068499654
"Walleye","Complex Riverine",1,203.595770590838,193.566228432104,213.477936999961
"Walleye","Complex Riverine",2,259.22191875565,244.591855373388,274.070424499569
"Walleye","Complex Riverine",3,310.359875220371,291.750076809716,329.485018115688
"Walleye","Complex Riverine",4,357.371769404373,335.334016534686,380.164191596714
"Walleye","Complex Riverine",5,400.590512341285,375.614581494384,426.512607368058
"Walleye","Complex Riverine",6,440.322154162313,412.842145677685,468.900347675575
"Walleye","Complex Riverine",7,476.848051366192,447.248106378793,507.665869613618
"Walleye","Complex Riverine",8,510.426859223114,479.046322505359,543.118707632973
"Walleye","Complex Riverine",9,541.296363421694,508.43444387234,575.541945107639
"Walleye","Complex Riverine",10,569.675163929637,535.595139744173,605.19447469539
"Walleye","Complex Riverine",11,595.764222992229,560.697234261552,632.313065540596
"Walleye","Complex Riverine",12,619.748288230675,583.896755810368,657.114253825507
"Walleye","Complex Riverine",13,641.797200917867,605.337906855409,679.796071765627
"Walleye","Complex Riverine",14,662.067098696,625.153960267065,700.539628854857
"Walleye","Complex Riverine",15,680.701521253021,643.468087712405,719.510557986292
"Walleye","Complex Two Story",1,196.361952842604,195.136595552668,197.200038953734
"Walleye","Complex Two Story",2,259.913802041789,256.396817485051,263.163371592739
"Walleye","Complex Two Story",3,316.368767655881,310.996907162434,321.567327143072
"Walleye","Complex Two Story",4,366.519364100354,359.660945566814,373.278207831782
"Walleye","Complex Two Story",5,411.069605100033,403.034292530454,419.063037924284
"Walleye","Complex Two Story",6,450.644886628877,441.692145197669,459.600940947408
"Walleye","Complex Two Story",7,485.800766214322,476.147166021701,495.493213086283
"Walleye","Complex Two Story",8,517.030761849994,506.856281455607,527.272242173114
"Walleye","Complex Two Story",9,544.77327999788,534.22674149826,555.409404562672
"Walleye","Complex Two Story",10,569.417769935198,558.621520454328,580.322057028331
"Walleye","Complex Two Story",11,591.310190840646,580.364130530593,602.379727389045
"Walleye","Complex Two Story",12,610.757868366954,599.7429121043,621.909595692413
"Walleye","Complex Two Story",13,628.033808876262,617.014857559063,639.201347255907
"Walleye","Complex Two Story",14,643.380531901539,632.409019398272,654.5114695511
"Walleye","Complex Two Story",15,657.013474634104,646.129547832804,668.067056666326
"Walleye","Complex Warm Clear",1,213.865370236477,214.376483269961,214.712264231121
"Walleye","Complex Warm Clear",2,285.290110067989,281.123041016837,291.301670477283
"Walleye","Complex Warm Clear",3,344.83781307632,337.287534720955,354.499521990049
"Walleye","Complex Warm Clear",4,394.483481257026,384.547655085554,406.647314114105
"Walleye","Complex Warm Clear",5,435.873698588564,424.315110101579,449.67713488047
"Walleye","Complex Warm Clear",6,470.381242822157,457.777794205029,485.183249324985
"Walleye","Complex Warm Clear",7,499.150616017161,485.935271895166,514.481167384929
"Walleye","Complex Warm Clear",8,523.136003920474,509.628635745463,538.656383853307
"Walleye","Complex Warm Clear",9,543.132923178078,529.565630696513,558.604596217652
"Walleye","Complex Warm Clear",10,559.804606012938,546.34179511916,575.064890463767
"Walleye","Complex Warm Clear",11,573.703997462473,560.458250152964,588.647124386288
"Walleye","Complex Warm Clear",12,585.292094751814,572.336668705683,599.854522964211
"Walleye","Complex Warm Clear",13,594.953237059719,582.331871253042,609.102322965369
"Walleye","Complex Warm Clear",14,603.007852788519,590.742424688194,616.733157566887
"Walleye","Complex Warm Clear",15,609.723087123237,597.819560819291,623.029750995425
"Walleye","Complex Warm Dark",1,221.064568864613,219.787592139067,222.657727166328
"Walleye","Complex Warm Dark",2,292.083532319947,287.955686512838,296.684537904708
"Walleye","Complex Warm Dark",3,352.342503545719,346.104378442676,359.153437027878
"Walleye","Complex Warm Dark",4,403.471715188919,395.706327920849,411.86897777233
"Walleye","Complex Warm Dark",5,446.854405435332,438.017742165625,456.353965902194
"Walleye","Complex Warm Dark",6,483.664239824133,474.110190027595,493.893449344228
"Walleye","Complex Warm Dark",7,514.89706333127,504.897740288454,525.5718396583
"Walleye","Complex Warm Dark",8,541.397841735335,531.160111150355,552.304237679713
"Walleye","Complex Warm Dark",9,563.883521131592,553.56241719433,574.862868244279
"Walleye","Complex Warm Dark",10,582.962424030297,572.672013914556,593.899387622036
"Walleye","Complex Warm Dark",11,599.150706776995,588.97286642915,609.963708059508
"Walleye","Complex Warm Dark",12,612.886323530138,602.877806266072,623.519883219306
"Walleye","Complex Warm Dark",13,624.540874574332,614.738986636565,634.959513403379
"Walleye","Complex Warm Dark",14,634.42965951081,624.856800983938,644.613057799623
"Walleye","Complex Warm Dark",15,642.820207301891,633.487490676725,652.759380531278
"Yellow Perch","Complex Cool Clear",1,100.106645266802,66.1114152034756,153.126963729884
"Yellow Perch","Complex Cool Clear",2,131.346667502284,83.7492823842638,209.185476612352
"Yellow Perch","Complex Cool Clear",3,159.411376844133,100.254239072641,257.240216532735
"Yellow Perch","Complex Cool Clear",4,184.623519924746,115.699054054689,298.433924857769
"Yellow Perch","Complex Cool Clear",5,207.273038612952,130.15182205242,333.746187672624
"Yellow Perch","Complex Cool Clear",6,227.620404371076,143.676263946932,364.016730330896
"Yellow Perch","Complex Cool Clear",7,245.899613699726,156.332007717729,389.965386117429
"Yellow Perch","Complex Cool Clear",8,262.320879118184,168.174851336811,412.209213878606
"Yellow Perch","Complex Cool Clear",9,277.073046626918,179.257008776633,431.277171677242
"Yellow Perch","Complex Cool Clear",10,290.325767453238,189.627340216553,447.622695411476
"Yellow Perch","Complex Cool Clear",11,302.231449055376,199.331567462714,461.634481517146
"Yellow Perch","Complex Cool Clear",12,312.927007821692,208.412475531153,473.645730166208
"Yellow Perch","Complex Cool Clear",13,322.535443621215,216.910101282864,483.942068764413
"Yellow Perch","Complex Cool Clear",14,331.167254312988,224.861909942518,492.768344168941
"Yellow Perch","Complex Cool Clear",15,338.921706481185,232.302960279081,500.334445144889
"Yellow Perch","Complex Cool Dark",1,97.1680553352191,73.1815294328414,129.860981756775
"Yellow Perch","Complex Cool Dark",2,126.046295192347,91.5630422809764,175.618969330281
"Yellow Perch","Complex Cool Dark",3,152.252957195965,108.7285307198,215.683825097453
"Yellow Perch","Complex Cool Dark",4,176.035193813216,124.758440541573,250.763878936482
"Yellow Perch","Complex Cool Dark",5,197.617292992454,139.727895667186,281.479331514189
"Yellow Perch","Complex Cool Dark",6,217.202793400966,153.707050213231,308.373219174181
"Yellow Perch","Complex Cool Dark",7,234.976403978237,166.761417268171,331.92101459209
"Yellow Perch","Complex Cool Dark",8,251.105745907901,178.952175918402,352.539032933429
"Yellow Perch","Complex Cool Dark",9,265.742933436738,190.336457963079,370.591792131453
"Yellow Perch","Complex Cool Dark",10,279.02600844926,200.967615661398,386.398457411617
"Yellow Perch","Complex Cool Dark",11,291.080242327228,210.895471767123,400.238483999158
"Yellow Perch","Complex Cool Dark",12,302.019317371807,220.166553022135,412.356557770495
"Yellow Perch","Complex Cool Dark",13,311.946398930233,228.824308203284,422.96692119709
"Yellow Perch","Complex Cool Dark",14,320.955108338117,236.909311744397,432.257161062664
"Yellow Perch","Complex Cool Dark",15,329.130405853106,244.459453887724,440.391524919001
"Yellow Perch","Complex Riverine",1,95.9592632480132,90.3797684280254,101.685216265332
"Yellow Perch","Complex Riverine",2,135.262217920003,123.823682684216,147.723593825429
"Yellow Perch","Complex Riverine",3,167.482449414887,151.952105028725,184.52748965271
"Yellow Perch","Complex Riverine",4,193.896324052251,175.609866423822,213.949176946039
"Yellow Perch","Complex Riverine",5,215.550196199916,195.507522516028,237.469395763329
"Yellow Perch","Complex Riverine",6,233.301858363261,212.242695018264,256.271875977938
"Yellow Perch","Complex Riverine",7,247.854521619634,226.318021146215,271.302912252178
"Yellow Perch","Complex Riverine",8,259.78467249253,238.156250216259,283.318989328115
"Yellow Perch","Complex Riverine",9,269.564909782617,248.112940827963,292.924854529991
"Yellow Perch","Complex Riverine",10,277.582666009635,256.487139988211,300.603953598138
"Yellow Perch","Complex Riverine",11,284.155555092912,263.530364922113,306.742761634597
"Yellow Perch","Complex Riverine",12,289.543954250706,269.454157337396,311.650233692721
"Yellow Perch","Complex Riverine",13,293.9613185354,274.436437032943,315.573353923591
"Yellow Perch","Complex Riverine",14,297.582636602652,278.626845680726,318.709565839539
"Yellow Perch","Complex Riverine",15,300.551362679794,282.151241280415,321.216709287331
"Yellow Perch","Complex Two Story",1,44.5975785232158,57.1691846696842,3.99105169953992
"Yellow Perch","Complex Two Story",2,104.070490467101,89.7753633527687,116.929411337327
"Yellow Perch","Complex Two Story",3,147.258892184589,116.602187864968,188.147704719884
"Yellow Perch","Complex Two Story",4,178.621709002285,138.674032603453,233.057559339616
"Yellow Perch","Complex Two Story",5,201.396950493616,156.833704462426,261.377460676362
"Yellow Perch","Complex Two Story",6,217.936014188168,171.774625166283,279.23583092748
"Yellow Perch","Complex Two Story",7,229.946452277115,184.067309374047,290.497218607958
"Yellow Perch","Complex Two Story",8,238.668265419169,194.181149613678,297.598586241553
"Yellow Perch","Complex Two Story",9,245.001924851203,202.502339897584,302.076668667832
"Yellow Perch","Complex Two Story",10,249.601340264905,209.348622427305,304.900522219883
"Yellow Perch","Complex Two Story",11,252.941371786146,214.981420485945,306.681228362458
"Yellow Perch","Complex Two Story",12,255.36685623568,219.615820809286,307.804131624882
"Yellow Perch","Complex Two Story",13,257.128209317985,223.428786609478,308.512228096621
"Yellow Perch","Complex Two Story",14,258.407279435767,226.565914863205,308.958749742846
"Yellow Perch","Complex Two Story",15,259.336122370577,229.14699588938,309.240323777607
"Yellow Perch","Complex Warm Dark",1,98.0926078158724,56.5377137605553,168.459405301555
"Yellow Perch","Complex Warm Dark",2,127.089686894236,72.0055051400036,222.845543663315
"Yellow Perch","Complex Warm Dark",3,154.373193377127,86.883409856388,272.624194639937
"Yellow Perch","Complex Warm Dark",4,180.044390258381,101.193924093341,318.185695560815
"Yellow Perch","Complex Warm Dark",5,204.19855642941,114.958686109897,359.887315139418
"Yellow Perch","Complex Warm Dark",6,226.925340307715,128.198508958693,398.056054981824
"Yellow Perch","Complex Warm Dark",7,248.309092567841,140.93341195641,432.991213756924
"Yellow Perch","Complex Warm Dark",8,268.429179209706,153.182650954046,464.966734135132
"Yellow Perch","Complex Warm Dark",9,287.360276126266,164.964747452786,494.233350899043
"Yellow Perch","Complex Warm Dark",10,305.172646263802,176.2975166095,521.020557070343
"Yellow Perch","Complex Warm Dark",11,321.932400403513,187.198094174207,545.53840347029
"Yellow Perch","Complex Warm Dark",12,337.701742532308,197.682962400238,567.979145824955
"Yellow Perch","Complex Warm Dark",13,352.539200713499,207.767974966286,588.518752330913
"Yellow Perch","Complex Warm Dark",14,366.499844314262,217.468380948006,607.318283502924
"Yellow Perch","Complex Warm Dark",15,379.635488396115,226.798847875432,624.525155123609
